id,published_date,title,source,tags,crawl_date,tickers,day_of_week,sentiment_label,sentiment_score,numerical_sentiment,is_positive,is_negative,is_neutral
95883914,2026-05-22,Are AI Layoffs Really About AI? Adecco’s CEO Suggests Otherwise,forbes.com,"('Adecco Group', 'Ai', 'Denis Machuel', 'Dennis Machuel', 'ETF', 'Financial Services', 'Meta', 'Meta Layoffs', 'Stock', 'Technology', 'Unknown Sector')",2026-05-22,"('aaic', 'ai', 'meta', 'meta', 'metv')",5,negative,0.5640535354614258,-1,0,1,0
95883876,2026-05-22,Qualcomm's stock pop shows investors are 'waking up' to boom in AI devices,cnbc.com,"('Breaking News: Technology', 'Business', 'Computing', 'Consumer Cyclical', 'ETF', 'Enterprise', 'Internet', 'Stock', 'Technology', 'Unknown Sector', 'Wireless')",2026-05-22,"('arm', 'googl', 'intc', 'meta', 'meta', 'metv', 'msft', 'nvda', 'qcom', 'soxx', 'stla', 'xlk', 'xsd')",5,positive,0.7232385873794556,1,1,0,0
95883673,2026-05-22,Texas Sues Mark Zuckerberg’s Meta Over Alleged Lies About Privacy,aol.com,"('Consumer Cyclical', 'ETF', 'Ken Paxton', 'Lone Star State', 'Meta', 'Senator John Cornyn', 'Stock', 'Technology', 'Texans', 'Texas', 'Texas Gop', 'Texas Senate', 'Texas Tribune')",2026-05-22,"('goog', 'googl', 'meta', 'meta', 'metv', 'nflx')",5,negative,0.8817705512046814,-1,0,1,0
95882615,2026-05-22,Alameda Co. candidate suspended from Meta accounts before June primary: 'I feel silenced',aol.com,"('Alameda County', 'Alameda County Board Of Education', 'ETF', 'Facebook', 'Financial Services', 'Mark Harvey', 'Meta', 'Stock', 'Technology')",2026-05-22,"('bsrr', 'meta', 'meta', 'metv', 'srmc', 'swir')",5,negative,0.9269546866416931,-1,0,1,0
95881842,2026-05-22,"Unity (U), Meta (META) Extend Multi-Year VR Platform Support and Enterprise Agreement",finance.yahoo.com,"('ETF', 'Meta', 'Platform Support', 'Stock', 'Technology', 'Unity Software', 'Unknown Sector', 'Vr Platform')",2026-05-22,"('meta', 'meta', 'metv', 'u')",5,positive,0.7171770930290222,1,1,0,0
95881357,2026-05-22,The 1 Chart Every AI Investor Needs to See Before Buying Anything Right Now,finance.yahoo.com,"('Communication Services', 'Consumer Cyclical', 'Free Cash Flow', 'Free Cash Flows', 'Magnificent Seven', 'Microsoft', 'Nasdaq', 'Revenue Growth', 'Spending', 'Stock', 'Technology')",2026-05-22,"('amzn', 'goog', 'googl', 'intc', 'iqnt', 'meta', 'msft', 'nflx', 'nvda')",5,neutral,0.9316688776016235,0,0,0,1
95881064,2026-05-22,"Starbucks Drops AI As Meta And Intuit Cut 11,000 Jobs",forbes.com,"('Ai', 'Ai Layoffs', 'Aws', 'Consumer Cyclical', 'ETF', 'Financial Services', 'Intuit', 'Jobs', 'Layoffs', 'Meta', 'Oracle', 'Starbucks', 'Stock', 'Technology', 'Unknown Sector', 'Wef')",2026-05-22,"('aaic', 'ai', 'aws', 'intu', 'meta', 'meta', 'metv', 'sbux')",5,negative,0.9558358192443848,-1,0,1,0
95881095,2026-05-22,Dominic Chu: The Trump Bull Market’s AI Rally Is Powering the S&P 500 Toward an 8th Straight Winning Week,finance.yahoo.com,"('Bull Market', 'Communication Services', 'Dominic Chu', 'Eighth Straight', 'Microsoft', 'Nvidia', 'Stock', 'Technology', 'Top 10 Stocks')",2026-05-22,"('aapl', 'intc', 'iqnt', 'meta', 'msft', 'nvda')",5,positive,0.9300704002380371,1,1,0,0
95881024,2026-05-22,The 1 Chart Every AI Investor Needs to See Before Buying Anything Right Now,fool.com,"('5D8A427F-A0B6-4Ffd-9159-4Ebc764214Fd', 'Amzn', 'Consumer Cyclical', 'ETF', 'Goog', 'Googl', 'Investing', 'Meta', 'Msft', 'Stock', 'Technology', 'Technology And Telecom')",2026-05-22,"('amzn', 'goog', 'googl', 'meta', 'meta', 'metv', 'msft')",5,neutral,0.9316688776016235,0,0,0,1
95880438,2026-05-22,Reddit stock drops 6% after Meta launches standalone app for online forums,cnbc.com,"('Breaking News: Technology', 'Business', 'ETF', 'Entertainment', 'Internet', 'Media', 'Publishing', 'Social Media', 'Stock', 'Technology', 'Television', 'Unknown Sector')",2026-05-22,"('aapl', 'meta', 'meta', 'metv', 'rddt')",5,negative,0.9642605781555176,-1,0,1,0
95879174,2026-05-22,8 Communication Services Stocks With Whale Alerts In Today's Session,benzinga.com,"('Bzi-Auoa', 'Communication Services', 'Consumer Cyclical', 'Options', 'Stock', 'Technology', 'Unknown Sector')",2026-05-22,"('asts', 'chtr', 'goog', 'googl', 'meta', 'nflx', 'rblx', 'ttwo')",5,neutral,0.883125901222229,0,0,0,1
95879163,2026-05-22,Meta AI Push Lifts Nasdaq Composite Index Focus,kalkinemedia.com,"('Nasdaq Composite Index', 'Stock', 'Technology')",2026-05-22,"('meta',)",5,positive,0.7301537990570068,1,1,0,0
95878799,2026-05-22,"Drinking Water, Lawsuits and Layoffs: Meta’s Problems Explained",finance.yahoo.com,"('Artificial Intelligence', 'Data Centers', 'ETF', 'Infrastructure', 'Jessica Kramer', 'Meta', 'Stock', 'Technology', 'Workforce Reductions')",2026-05-22,"('goog', 'googl', 'meta', 'meta', 'metv')",5,negative,0.9255077838897705,-1,0,1,0
95875823,2026-05-22,Prediction: Nebius Group Stock Will Skyrocket to $600 in 3 Years,fool.com,"('9E80Ed9B-9441-4E4E-80Dd-02D03A41475E', 'ETF', 'Investing', 'Meta', 'Msft', 'Nbis', 'Stock', 'Technology', 'Technology And Telecom')",2026-05-22,"('meta', 'meta', 'metv', 'msft', 'nbis')",5,positive,0.7128147482872009,1,1,0,0
95874712,2026-05-22,Meta Settles As $400 Billion School Lawsuit Risk Looms,finance.yahoo.com,"('Bloomberg Intelligence', 'Breathitt County School District', 'Google', 'Mark Zuckerberg', 'Meta Platforms', 'Social Media Platforms', 'Stock', 'Technology', 'Youth Mental Health Crisis', 'Youtube')",2026-05-22,"('goog', 'googl', 'meta')",5,negative,0.9130104184150696,-1,0,1,0
95875257,2026-05-22,Meta Cuts Deal in Kentucky School Lawsuit Over Alleged Teen Social Media Addiction,finance.yahoo.com,"('Algorithmic Design', 'Breathitt County', 'ETF', 'Kentucky', 'Meta', 'School District', 'Social Media Addiction', 'Stock', 'Technology', 'Youtube')",2026-05-22,"('meta', 'meta', 'metv')",5,negative,0.8999250531196594,-1,0,1,0
95872063,2026-05-22,Norway’s $2.3 Trillion Fund Objects to Elkann’s Meta Board Seat,bloomberg.com,"('Consumer Cyclical', 'Norway', 'Stock', 'Technology', 'Tiingo Top')",2026-05-22,"('meta', 'stla')",5,neutral,0.5237202644348145,0,0,0,1
95871699,2026-05-22,Is Microsoft or Meta Platforms the Greatest Value on the Market?,finance.yahoo.com,"('Business Productivity Software', 'Communication Services', 'Consumer Cyclical', 'Meta Platforms', 'Microsoft', 'Stock', 'Technology')",2026-05-22,"('intc', 'iqnt', 'meta', 'msft', 'nflx', 'nvda')",5,neutral,0.9210160970687866,0,0,0,1
95873072,2026-05-22,"The Zacks Analyst Blog Highlights Meta Platforms, Alphabet, Amazon and Microsoft",zacks.com,"('Consumer Cyclical', 'ETF', 'Press Releases', 'Stock', 'Technology')",2026-05-22,"('amzn', 'goog', 'googl', 'meta', 'meta', 'metv', 'msft')",5,neutral,0.947317361831665,0,0,0,1
95871510,2026-05-22,Is Microsoft or Meta Platforms the Greatest Value on the Market?,fool.com,"('5D795E19-543D-49Ec-A202-74Af5F217Bf3', 'ETF', 'Investing', 'Meta', 'Msft', 'Stock', 'Technology', 'Technology And Telecom')",2026-05-22,"('meta', 'meta', 'metv', 'msft')",5,neutral,0.9210160970687866,0,0,0,1
95873137,2026-05-22,"Meta Cuts 8,000 Jobs, Boosts AI Team: What This Means for Employees",zacks.com,"('Analyst Blog', 'Consumer Cyclical', 'ETF', 'Stock', 'Technology')",2026-05-22,"('amzn', 'csco', 'meta', 'meta', 'metv')",5,neutral,0.43922558426856995,0,0,0,1
95870500,2026-05-22,BofA’s Hartnett Warns Mega-IPOs Risk Bubble Like Roaring ‘20s,bloomberg.com,"('Financial Services', 'Stock', 'Technology', 'Tiingo Top')",2026-05-22,"('bac', 'meta', 'stt', 'v')",5,negative,0.5231841206550598,-1,0,1,0
95869830,2026-05-22,"Beyond the ""Magnificent Seven"": These 3 Breakout AI Stocks Are Disrupting the Industry",finance.yahoo.com,"('Broadcom', 'Communication Services', 'Consumer Cyclical', 'Financial Services', 'Magnificent Seven', 'Micron Technology', 'Nasdaq', 'Nvidia', 'Stock', 'Taiwan', 'Taiwan Semiconductor', 'Technology', 'Unknown Sector')",2026-05-22,"('aapl', 'amzn', 'avgo', 'bac', 'brcm', 'goog', 'googl', 'intc', 'iqnt', 'meta', 'mhm', 'mpe', 'msft', 'mu', 'nflx', 'nvda', 'tsla', 'tsm')",5,negative,0.9232458472251892,-1,0,1,0
95869879,2026-05-22,"Hartford Investment Management Co. Sells 1,282 Shares of Meta Platforms, Inc. $META",thelincolnianonline.com,"('13F', '30303M10', 'Computer And Technology', 'ETF', 'Financial Services', 'Hedge Fund Holdings', 'Institutional Investor Holdings', 'Meta', 'Meta Platforms', 'Nasdaq:Meta', 'Sec Filings', 'Stock', 'Technology', 'Unknown Sector')",2026-05-22,"('goog', 'googl', 'meta', 'meta', 'metv', 'mfg', 'wfc', 'wfc-ws')",5,neutral,0.9298733472824097,0,0,0,1
95869880,2026-05-22,"Provident Investment Management Inc. Lowers Position in Meta Platforms, Inc. $META",thelincolnianonline.com,"('13F', '30303M10', 'Computer And Technology', 'ETF', 'Financial Services', 'Hedge Fund Holdings', 'Institutional Investor Holdings', 'Meta', 'Meta Platforms', 'Nasdaq:Meta', 'Sec Filings', 'Stock', 'Technology', 'Unknown Sector')",2026-05-22,"('goog', 'googl', 'meta', 'meta', 'metv', 'stt', 'wfc', 'wfc-ws')",5,negative,0.9447174072265625,-1,0,1,0
95868798,2026-05-22,"Stellantis' turnaround plan, prediction market regulation, Oura's IPO filing and more in Morning Squawk",cnbc.com,"('Business', 'Computing', 'Consumer Cyclical', 'ETF', 'Economy', 'Financial Services', 'Internet', 'Investment Strategy', 'Markets', 'Stock', 'Technology', 'Tiingo Top', 'Unknown Sector', 'Wireless')",2026-05-22,"('amzn', 'avgo', 'botz', 'ftxl', 'googl', 'igv', 'iyw', 'jpm', 'meta', 'meta', 'metv', 'msft', 'nvda', 'ppta', 'ppta', 'soxx', 'spot', 'stla', 'wday', 'xlk', 'xsw')",5,neutral,0.9111039638519287,0,0,0,1
95869108,2026-05-22,Musk’s Latest Venture Gives Space Stocks Their Own Tesla Surge,bloomberg.com,"('Communication Services', 'Financial Services', 'Stock', 'Technology', 'Tiingo Top', 'Unknown Sector')",2026-05-22,"('bac', 'irdm', 'meta', 'rivn', 'satl')",5,neutral,0.778083324432373,0,0,0,1
95868694,2026-05-22,Microsoft’s GitHub was positioned to win the AI coding race. Outages got in the way,cnbc.com,"('Breaking News: Technology', 'Business', 'Computing', 'Consumer Cyclical', 'ETF', 'Enterprise', 'Internet', 'Stock', 'Technology', 'Unknown Sector', 'Wireless')",2026-05-22,"('amzn', 'csco', 'googl', 'gtlb', 'igv', 'meta', 'meta', 'metv', 'msft', 'orcl', 'skyy', 'team', 'wcld', 'xlk', 'zm')",5,negative,0.40488192439079285,-1,0,1,0
95868352,2026-05-22,U.S. pushes its AI in China and Asia after Trump-Xi meeting,cnbc.com,"('China', 'ETF', 'Environment', 'Foreign Policy', 'Market Insider', 'Markets', 'Stock', 'Stock Markets', 'Technology', 'Tiingo Top')",2026-05-22,"('googl', 'meta', 'meta', 'metv')",5,positive,0.8408805727958679,1,1,0,0
95870035,2026-05-22,"Meta Platforms, Inc. $META Shares Bought by VIRGINIA RETIREMENT SYSTEMS ET Al",thelincolnianonline.com,"('13F', '30303M10', 'Computer And Technology', 'ETF', 'Financial Services', 'Hedge Fund Holdings', 'Institutional Investor Holdings', 'Meta', 'Meta Platforms', 'Nasdaq:Meta', 'Sec Filings', 'Stock', 'Technology', 'Unknown Sector')",2026-05-22,"('dnskf', 'jef', 'jpm', 'jpm-ws', 'meta', 'meta', 'metv', 'stt')",5,neutral,0.9454022645950317,0,0,0,1
95875120,2026-05-22,A school district’s lawsuit against Meta for mental health costs was set for trial next month. Zuckerberg settled,fortune.com,"('ETF', 'Education', 'Meta', 'Social Media', 'Stock', 'Technology')",2026-05-22,"('meta', 'meta', 'metv')",5,neutral,0.6116581559181213,0,0,0,1
95866372,2026-05-22,"Broadcom, Meta Drop $125 Million News on AI Chip Future",finance.yahoo.com,"('Applied Materials', 'Broadcom', 'Globalfoundries', 'Gurufocus', 'Materials Research', 'Meta Platforms', 'Stock', 'Technology', 'Unknown Sector')",2026-05-22,"('amat', 'avgo', 'brcm', 'gfs', 'meta', 'snps')",5,neutral,0.9088582396507263,0,0,0,1
95865048,2026-05-22,The Desperation of AI Titans Is an Ominous Sign,bloomberg.com,"('Consumer Cyclical', 'Stock', 'Technology', 'Tiingo Top')",2026-05-22,"('amzn', 'googl', 'meta', 'msft', 'orcl')",5,negative,0.9199634194374084,-1,0,1,0
95866173,2026-05-22,"Insider Selling: Meta Platforms (NASDAQ:META) CFO Sells $1,315,400.61 in Stock",thelincolnianonline.com,"('30303M10', 'Computer And Technology', 'ETF', 'Financial Services', 'Insider Trades', 'Insider Trading', 'Meta', 'Meta Platforms', 'Nasdaq:Meta', 'Stock', 'Stocks', 'Technology', 'Unknown Sector')",2026-05-22,"('goog', 'googl', 'key', 'meta', 'meta', 'metv', 'wfc', 'wfc-ws')",5,neutral,0.942173957824707,0,0,0,1
95864428,2026-05-22,AI Cartoon ‘Critterz’ Misses Cannes Debut After OpenAI Shut Sora,bloomberg.com,"('Consumer Cyclical', 'Stock', 'Technology', 'Tiingo Top')",2026-05-22,"('amzn', 'dis', 'meta', 'nflx')",5,negative,0.6620816588401794,-1,0,1,0
95863349,2026-05-22,Got $500? This Under-the-Radar AI Stock Could Be the Best Investment You Make All Year.,fool.com,"('9218226D-74B8-4073-800C-Ed37B6Dd89C2', 'Apld', 'Crwv', 'ETF', 'Investing', 'Meta', 'Stock', 'Technology', 'Technology And Telecom', 'Tiingo Top', 'Unknown Sector')",2026-05-22,"('apld', 'crwv', 'meta', 'meta', 'metv')",5,neutral,0.8467375040054321,0,0,0,1
95862492,2026-05-22,Best AI Stocks To Watch Right Now: A Guide for US Market Participants,kalkinemedia.com,"('Best Ai Stocks To Watch Right Now: A Guide For Us Market Participants', 'Consumer Cyclical', 'Industrials', 'Stock', 'Technology', 'Unknown Sector')",2026-05-22,"('adbe', 'amd', 'amzn', 'anet', 'avgo', 'crm', 'etn', 'googl', 'meta', 'msft', 'mu', 'now', 'nvda', 'orcl', 'pltr', 'tsm', 'vrt')",5,neutral,0.9035657048225403,0,0,0,1
95862474,2026-05-22,Meta Faces New Legal Tests As AI Spending And Valuation Draw Focus,simplywall.st,"('Stock', 'Technology')",2026-05-22,"('meta',)",5,positive,0.8003158569335938,1,1,0,0
95861935,2026-05-22,This ASX uranium stock is jumping 7% today as brokers see more upside,fool.com.au,"('ETF', 'Financial Services', 'Stock', 'Technology', 'Unknown Sector')",2026-05-22,"('barl', 'meta', 'ms', 'msft', 'msk', 'mwg', 'mwo', 'mwr', 'palay', 'pdn')",5,positive,0.9384908080101013,1,1,0,0
95863942,2026-05-22,2 S&P 500 Stocks on Our Buy List and 1 That Underwhelm,stockstory.org,"('Energy', 'Industrials', 'Screener', 'Stock', 'Stockstory', 'Technology', 'Tiingo Top')",2026-05-22,"('apa', 'hon', 'meta', 'nvda')",5,negative,0.4732183814048767,-1,0,1,0
95861849,2026-05-22,"Florida Lottery Fantasy 5, Cash Pop results for May 21, 2026",aol.com,"('ETF', 'Fb', 'Florida Lottery', 'Stock', 'Technology', 'Unknown Sector', 'Winning Fantasy 5 Numbers', 'Winning Pick 3 Numbers', 'Winning Pick 4 Numbers')",2026-05-22,"('fb', 'meta')",5,neutral,0.8960423469543457,0,0,0,1
95861041,2026-05-22,"Florida Lottery Fantasy 5, Cash Pop results for May 21, 2026",aol.com,"('ETF', 'Fb', 'Florida Lottery', 'Stock', 'Technology', 'Unknown Sector', 'Winning Fantasy 5 Numbers', 'Winning Pick 3 Numbers', 'Winning Pick 4 Numbers')",2026-05-22,"('fb', 'meta')",5,neutral,0.8960423469543457,0,0,0,1
95860879,2026-05-22,Meta Platforms (NASDAQ:META) Stock Price Down 1.4% Following Insider Selling,thelincolnianonline.com,"('30303M10', 'Computer And Technology', 'ETF', 'Financial Services', 'Meta', 'Meta Platforms', 'Nasdaq:Meta', 'Stock', 'Stocks', 'Technicals', 'Technology', 'Unknown Sector')",2026-05-22,"('goog', 'googl', 'meta', 'meta', 'metv', 'wfc', 'wfc-ws')",5,negative,0.9683328866958618,-1,0,1,0
95859431,2026-05-22,Daily Open: Dow at all-time high as Iran reviews peace deal,cnbc.com,"('Asia Economy', 'Basic Materials', 'Breaking News: Economy', 'Consumer Cyclical', 'ETF', 'Economy', 'Energy', 'Financial Services', 'Foreign Policy', 'Industrials', 'Iran', 'Middle East', 'Stock', 'Technology', 'Tiingo Top', 'Unknown Sector')",2026-05-22,"('aal', 'aapl', 'amzn', 'arkk', 'avgo', 'ba', 'baba', 'bno', 'cf', 'cop', 'cvx', 'dal', 'dbo', 'ewh', 'ewj', 'ews', 'ewu', 'ewy', 'fdn', 'fdx', 'googl', 'gs', 'igv', 'intu', 'ixc', 'kwt', 'kwt', 'lmt', 'mchi', 'meta', 'meta', 'metv', 'mos', 'mrvl', 'msft', 'noc', 'ntr', 'nvda', 'orcl', 'oxy', 'qqq', 'ryaay', 'shel', 'shel', 'socl', 'soxx', 'thd', 'tsla', 'tsm', 'tte', 'tte', 'ual', 'uco', 'uga', 'vgk', 'wday', 'xar', 'xlk', 'xom')",5,positive,0.7792648673057556,1,1,0,0
95852851,2026-05-21,Meta’s Nasdaq Composite Moment: AI Shift Gets Bigger,kalkinemedia.com,"('Nasdaq Composite', 'Stock', 'Technology')",2026-05-21,"('meta',)",4,positive,0.48449862003326416,1,1,0,0
95851104,2026-05-21,"Meta, Broadcom and others to launch $125 million semiconductor research hub at UCLA",cnbc.com,"('Artificial Intelligence', 'Breaking News: Technology', 'Business', 'Computing', 'ETF', 'Higher Education', 'Internet', 'Personnel', 'Semiconductor Device Manufacturing', 'Stock', 'Technology', 'Unknown Sector', 'Wireless')",2026-05-21,"('amat', 'avgo', 'brcm', 'gfs', 'meta', 'meta', 'metv', 'snps', 'soxx', 'xsd')",4,neutral,0.7550294399261475,0,0,0,1
95856944,2026-05-21,Meta settles bellwether social media addiction case with Kentucky school district,finance.yahoo.com,"('California Federal Court', 'ETF', 'Kentucky', 'Mark Zuckerberg', 'Meta', 'School District', 'Social Media Addiction', 'Stock', 'Technology')",2026-05-21,"('goog', 'googl', 'meta', 'meta', 'metv')",4,negative,0.8190357685089111,-1,0,1,0
95857047,2026-05-21,Meta settles bellwether social media addiction case with Kentucky school district,aol.com,"('California Federal Court', 'ETF', 'Kentucky', 'Mark Zuckerberg', 'Meta', 'School District', 'Social Media Addiction', 'Stock', 'Technology')",2026-05-21,"('goog', 'googl', 'meta', 'meta', 'metv')",4,negative,0.8190357685089111,-1,0,1,0
95847266,2026-05-21,Meta settles bellwether social media addiction case with Kentucky school district,nypost.com,"('ETF', 'Facebook', 'Instagram', 'Kentucky', 'Meta', 'Social Media', 'Stock', 'Technology', 'Trials')",2026-05-21,"('goog', 'googl', 'meta', 'meta', 'metv')",4,negative,0.8190357685089111,-1,0,1,0
95857609,2026-05-21,Meta settles bellwether social media addiction case with Kentucky school district,aol.com,"('California Federal Court', 'ETF', 'Kentucky', 'Mark Zuckerberg', 'Meta', 'School District', 'Social Media Addiction', 'Stock', 'Technology')",2026-05-21,"('goog', 'googl', 'meta', 'meta', 'metv')",4,negative,0.8190357685089111,-1,0,1,0
95847475,2026-05-21,Meta settles first U.S. school district youth mental health lawsuit,finance.yahoo.com,"('Appalachian District', 'Breathitt County', 'ETF', 'Mental Health', 'Meta', 'School District', 'Social Media Platforms', 'Stock', 'Technology')",2026-05-21,"('meta', 'meta', 'metv')",4,neutral,0.6848465800285339,0,0,0,1
95852804,2026-05-21,Meta becomes latest to settle social media addiction case ahead of June bellwether trial,aol.com,"('Bellwether Trial', 'Board Of Education', 'Breathitt County', 'ETF', 'Mental Health', 'Mental Health Issues', 'Meta', 'School District', 'Social Media Addiction', 'Social Media Companies', 'Stock', 'Technology')",2026-05-21,"('goog', 'googl', 'meta', 'meta', 'metv')",4,neutral,0.7682515382766724,0,0,0,1
95852847,2026-05-21,Meta Settles Closely Watched School District Lawsuit Weeks Ahead Of Trial,finance.yahoo.com,"('ETF', 'Kentucky Case', 'Mark Zuckerberg', 'Meta', 'School District', 'Stock', 'Technology', 'Tiktok', 'Youtube')",2026-05-21,"('goog', 'googl', 'meta', 'meta', 'metv')",4,negative,0.6101973652839661,-1,0,1,0
95847125,2026-05-21,Intel Has Doubled AMD’s 2026 Gains. Is It Time to Rebalance Your Chip Stocks?,finance.yahoo.com,"('Advanced Micro Devices', 'Amd Stock', 'Communication Services', 'Intel', 'Stock', 'Technology')",2026-05-21,"('amd', 'intc', 'iqnt', 'meta', 'nvda')",4,neutral,0.7286260724067688,0,0,0,1
95846304,2026-05-21,"SpaceX, OpenAI valuations would mean they leapfrog Berkshire Hathaway on first day of trading",cnbc.com,"('Breaking News: Markets', 'Consumer Cyclical', 'ETF', 'Financial Services', 'Investment Strategy', 'Markets', 'Stock', 'Stock Markets', 'Technology', 'Tiingo Top', 'Wall Street')",2026-05-21,"('brk-a', 'brk-b', 'meta', 'meta', 'metv', 'tsla')",4,neutral,0.8339561223983765,0,0,0,1
95845729,2026-05-21,Meta Platforms (META) To Lay Off Roughly 10% Of Its Global Workforce,finance.yahoo.com,"('Inc.', 'Meta Platforms', 'Revenue Growth', 'Stock', 'Technology')",2026-05-21,"('meta', 'msft')",4,negative,0.9613645076751709,-1,0,1,0
95844630,2026-05-21,"An AI trade involving energy and infrastructure that's doubled your money, topping Nvidia",cnbc.com,"('Basic Materials', 'Breaking News: Markets', 'ETF', 'Energy', 'Environment', 'Industrials', 'Markets', 'Stock', 'Technology', 'Tiingo Top', 'Unknown Sector', 'Utilities')",2026-05-21,"('cop', 'duk', 'meta', 'meta', 'metv', 'msft', 'nee', 'nvda', 'tt', 'tt', 'wulf', 'xle', 'xom', 'xop')",4,positive,0.5646899938583374,1,1,0,0
95844639,2026-05-21,"Meta Settles School Suit Over Social Media, Averting First Trial",bloomberg.com,"('Stock', 'Technology', 'Tiingo Top')",2026-05-21,"('googl', 'meta', 'snap')",4,negative,0.5643452405929565,-1,0,1,0
95844267,2026-05-21,10 Communication Services Stocks Whale Activity In Today's Session,benzinga.com,"('Bzi-Auoa', 'Consumer Cyclical', 'Options', 'Stock', 'Technology', 'Unknown Sector')",2026-05-21,"('asts', 'dis', 'goog', 'googl', 'meta', 'nflx', 'rddt', 'sats', 'spot', 'ttwo')",4,neutral,0.8859853744506836,0,0,0,1
95843874,2026-05-21,Meta Platforms 10% Layoff Raises a Bigger Question About AI Spending,marketbeat.com,"('ETF', 'Financial Services', 'Nasdaq:Meta', 'Stock', 'Technology', 'Unknown Sector')",2026-05-21,"('barl', 'meta', 'ms', 'msk', 'mwg', 'mwo', 'mwr')",4,negative,0.6345913410186768,-1,0,1,0
95846270,2026-05-21,CoreWeave Scores Big With Meta — We See 66% Upside,finance.yahoo.com,"('Free Cash Flow', 'Interest Expense', 'Nvidia', 'Price Target', 'Revenue Growth', 'Stock', 'Technology', 'Unknown Sector')",2026-05-21,"('crwv', 'meta', 'nvda')",4,positive,0.8737955689430237,1,1,0,0
95842979,2026-05-21,Microsoft Falls 12% As AI Spending Concerns Pressure S&P 500,finance.yahoo.com,"('Consumer Cyclical', 'Double-Digit Percentage', 'ETF', 'Microsoft', 'Pressure Point', 'Stock', 'Technology', 'Unknown Sector')",2026-05-21,"('amzn', 'goog', 'meta', 'msft', 'tall', 'tsla')",4,negative,0.961868941783905,-1,0,1,0
95844975,2026-05-21,Metaverse Out Spatial Computing In — The Future Of Work Looks Nothing Like Mark Zuckerberg Imagined,finance.yahoo.com,"('Communication Services', 'Digital Environment', 'Digital Environments', 'Digital Tools', 'Digital Twins', 'Mark Zuckerberg', 'Mixed Reality', 'Office Environment', 'Operating Rooms', 'Real Estate', 'Spatial Computing', 'Stock', 'Technology', 'Virtual Environment')",2026-05-21,"('intc', 'iqnt', 'meta')",4,neutral,0.8984830379486084,0,0,0,1
95844098,2026-05-21,"Meta Platforms Drops 10% in a Month: Buy, Sell or Hold the Stock?",zacks.com,"('Analyst Blog', 'Consumer Cyclical', 'ETF', 'Stock', 'Technology')",2026-05-21,"('amzn', 'googl', 'meta', 'meta', 'metv', 'msft')",4,negative,0.6349188685417175,-1,0,1,0
95852954,2026-05-21,Zuckerberg defends Meta’s bloodbath layoffs: ‘Success isn’t a given’ in AI push,aol.com,"('ETF', 'Layoffs', 'Mark Zuckerberg', 'Meta', 'Stock', 'Technology')",2026-05-21,"('csco', 'meta', 'meta', 'metv', 'msft')",4,neutral,0.5444685816764832,0,0,0,1
95840816,2026-05-21,Zuckerberg defends Meta’s bloodbath layoffs: ‘Success isn’t a given’ in AI push,nypost.com,"('Artificial Intelligence', 'ETF', 'Layoffs', 'Mark Zuckerberg', 'Meta', 'Stock', 'Technology')",2026-05-21,"('csco', 'meta', 'meta', 'metv', 'msft')",4,neutral,0.5444685816764832,0,0,0,1
95840739,2026-05-21,Here we go again with Nvidia falling on earnings. What the sellers are missing,cnbc.com,"('Breaking News: Markets', 'Breaking News: Technology', 'Business', 'Computing', 'Consumer Cyclical', 'ETF', 'Financial Services', 'Internet', 'Investment Strategy', 'Markets', 'Stock', 'Technology', 'Tiingo Top', 'Unknown Sector', 'Wireless')",2026-05-21,"('amzn', 'botz', 'bx', 'crwv', 'googl', 'iren', 'meta', 'meta', 'metv', 'msft', 'nbis', 'nvda', 'soxx', 'xsd')",4,negative,0.9496712684631348,-1,0,1,0
95840470,2026-05-21,"Meta layoffs 2026 hit 8,000 workers as Zuckerberg doubles down on AI strategy",investingcube.com,"('Stock', 'Technology')",2026-05-21,"('cern', 'csco', 'meta', 'msft')",4,negative,0.9637155532836914,-1,0,1,0
95840620,2026-05-21,"As AI Tech Layoffs Mount, Diane Bryant Offers A Macro Reality Check",forbes.com,"('Ai', 'Ai Washing Corporate Strategy', 'Andy Jassy', 'Communication Services', 'ETF', 'Financial Services', 'Jevons Paradox Technology', 'Meta', 'Meta Layoffs 2026', 'Silicon Valley Employment Trends', 'Stock', 'Tech Industry Job Cuts', 'Technology', 'Unknown Sector')",2026-05-21,"('aaic', 'ai', 'intc', 'iqnt', 'meta', 'meta', 'metv')",4,neutral,0.8337406516075134,0,0,0,1
95839633,2026-05-21,Grieving California parents blast Xavier Becerra after Meta drops nearly $1M into pro-governor PAC,nypost.com,"('Addiction', 'California', 'California Governor Election 2026', 'ETF', 'Meta', 'Stock', 'Technology', 'Xavier Becerra')",2026-05-21,"('meta', 'meta', 'metv')",4,negative,0.8282631635665894,-1,0,1,0
95852077,2026-05-21,Grieving California parents blast Xavier Becerra after Meta drops nearly $1M into pro-governor PAC,aol.com,"('California', 'ETF', 'Julianna Arnold', 'Mark Zuckerberg', 'Meta', 'Social Media', 'Stock', 'Technology', 'Tom Steyer', 'Xavier Becerra')",2026-05-21,"('meta', 'meta', 'metv')",4,negative,0.8282631635665894,-1,0,1,0
95838744,2026-05-21,New Reports And New Paradigms Show Drive In AI Smart Glasses Market,forbes.com,"('Android', 'Apple', 'ETF', 'Google', 'Meta', 'New Reports And New Paradigms Show Drive', 'Stock', 'Technology')",2026-05-21,"('goog', 'googl', 'meta', 'meta', 'metv')",4,positive,0.7456986904144287,1,1,0,0
95848424,2026-05-21,Meta laid off 10% of its workforce as Mark Zuckerberg warns that in the AI race ‘success isn’t a given’,fortune.com,"('ETF', 'Layoffs', 'Mark Zuckerberg', 'Meta', 'Stock', 'Tech', 'Tech Companies', 'Technology')",2026-05-21,"('meta', 'meta', 'metv')",4,negative,0.9711042046546936,-1,0,1,0
95837017,2026-05-21,Manus founders raise $1 billion to buy back startup from Meta,finance.yahoo.com,"('Beijing', 'Bloomberg', 'ETF', 'Manus', 'Meta', 'Stock', 'Technology', 'Xiao Hong', 'Zhang Tao')",2026-05-21,"('meta', 'meta', 'metv')",4,neutral,0.6308665871620178,0,0,0,1
95835061,2026-05-21,Ackman Builds Microsoft Stake After 15% Slide,finance.yahoo.com,"('Bill Ackman', 'Consumer Cyclical', 'Core Position', 'Microsoft', 'Pershing Square', 'Stock', 'Technology')",2026-05-21,"('amzn', 'goog', 'googl', 'lnkd', 'meta', 'msft')",4,neutral,0.8725243806838989,0,0,0,1
95833041,2026-05-21,SpaceX is heavily reliant on Starlink for growth and profit as it marches toward Nasdaq listing,cnbc.com,"('Breaking News: Technology', 'Business', 'Communication Services', 'Computing', 'Consumer Cyclical', 'ETF', 'Environment', 'Healthcare', 'Industrials', 'Internet', 'Ipo', 'Space Industry', 'Stock', 'Technology', 'Telecommunications', 'Unknown Sector', 'Wireless')",2026-05-21,"('amzn', 'chtr', 'cmcsa', 'dfen', 'googl', 'gsat', 'irdm', 'lmt', 'luv', 'meta', 'meta', 'metv', 'noc', 'rokt', 'sats', 'snsr', 'tmus', 'ual', 'unh', 'vsat', 'xar')",4,neutral,0.6996424198150635,0,0,0,1
95832858,2026-05-21,AI Hardware Startup Hark Valued at $6 Billion in New Funding Round,bloomberg.com,"('Stock', 'Technology', 'Tiingo Top')",2026-05-21,"('aapl', 'amd', 'intc', 'meta', 'qcom')",4,positive,0.7186732888221741,1,1,0,0
95834840,2026-05-21,"Jim Cramer froze on live TV after seeing Trump's 3,700 stock trades — here's what's in the president's portfolio",finance.yahoo.com,"('Carl Quintanilla', 'Communication Services', 'Consumer Cyclical', 'Dave Ramsey', 'David Faber', 'Donald Trump', 'Industrials', 'Intel Stock', 'Jim Cramer', 'Nasdaq', 'Nyse', 'Robert Kiyosaki', 'Scripps News', 'Stock', 'Technology', 'Unknown Sector', 'White House')",2026-05-21,"('adbe', 'amd', 'amzn', 'avgo', 'ba', 'brcm', 'dell', 'intc', 'iqnt', 'meta', 'msft', 'msi', 'now', 'nvda', 'orcl', 'qcom', 'txn')",4,neutral,0.9200376272201538,0,0,0,1
95831977,2026-05-21,"How META Stock Can Climb To $1,000",forbes.com,"('$Meta', 'ETF', 'Meta', 'Meta Platforms', 'Meta Revenue', 'Meta Stock Analysis', 'Meta Valuation', 'Stock', 'Technology')",2026-05-21,"('meta', 'meta', 'metv')",4,neutral,0.8905054926872253,0,0,0,1
95832579,2026-05-21,Meta's $2 Billion Manus Deal Faces Beijing-Driven Reversal,finance.yahoo.com,"('Manus', 'Meta Platforms', 'Stock', 'Technology', 'Xiao Hong')",2026-05-21,"('meta',)",4,neutral,0.6398910284042358,0,0,0,1
95832494,2026-05-21,Donald Trump and Nancy Pelosi Both Recently Bought the Same Underfollowed Stock. It Could Be a Massive AI Winner.,finance.yahoo.com,"('Ai Infrastructure', 'Amazon', 'Consumer Cyclical', 'Donald Trump', 'Independent Power Producer', 'Nancy Pelosi', 'North America', 'Paul Pelosi', 'Power Purchase Agreements', 'Stock', 'Technology', 'Utilities', 'Vistra')",2026-05-21,"('amzn', 'googl', 'meta', 'nvda', 'vst')",4,neutral,0.9045144319534302,0,0,0,1
95831940,2026-05-21,Trump declares the end of America’s ‘economic surrender’ — blasts ‘gutless’ leaders for crushing US prosperity,finance.yahoo.com,"('America', 'Basic Materials', 'Bureau Of Economic Analysis', 'Consumer Cyclical', 'Dave Ramsey', 'Donald Trump', 'Financial Services', 'Gold', 'Healthcare', 'South America', 'Stock', 'Technology', 'Tiingo Top', 'Trade Deficit', 'Unknown Sector')",2026-05-21,"('aapl', 'b', 'f', 'gold', 'gold', 'gs', 'gsbd', 'gsf', 'gsj', 'jnj', 'meta', 'nvda')",4,negative,0.4957796037197113,-1,0,1,0
95834730,2026-05-21,Should You Buy NVIDIA After Impressive Q1 2027 Earnings and Guidance?,zacks.com,"('Analyst Blog', 'Consumer Cyclical', 'ETF', 'Stock', 'Technology')",2026-05-21,"('amzn', 'googl', 'meta', 'meta', 'metv', 'msft', 'nvda')",4,neutral,0.7450272440910339,0,0,0,1
95830341,2026-05-21,"MAGS Bundles the Magnificent Seven Into One Ticker, And That Concentration Cuts Both Ways",finance.yahoo.com,"('Consumer Cyclical', 'ETF', 'Financial Services', 'Goldman Sachs', 'Magnificent Seven', 'Physical Share Holdings', 'Qqq', 'Stock', 'Technology', 'Total Return Swaps', 'Unknown Sector', 'Vanguard Mega Cap Growth')",2026-05-21,"('aapl', 'amzn', 'goog', 'googl', 'gs', 'gsbd', 'gsf', 'gsj', 'mags', 'meta', 'mgk', 'msft', 'nvda', 'qqq', 'tsla')",4,neutral,0.8181801438331604,0,0,0,1
95828799,2026-05-21,"US Jobless Claims Were Little Changed at 209,000 Last Week",bloomberg.com,"('Consumer Cyclical', 'Consumer Defensive', 'Stock', 'Technology', 'Tiingo Top')",2026-05-21,"('meta', 'sbux', 'wmt')",4,negative,0.7339803576469421,-1,0,1,0
95828527,2026-05-21,Bloom Energy rises 2% after partnering with European AI infrastructure upstart in $2.6 billion deal,cnbc.com,"('Artificial Intelligence', 'Breaking News: Markets', 'Breaking News: Technology', 'Business', 'Computing', 'ETF', 'Environment', 'Internet', 'Markets', 'Stock', 'Technology', 'Tiingo Top', 'Wireless')",2026-05-21,"('meta', 'meta', 'metv', 'nbis', 'nvda')",4,positive,0.9432000517845154,1,1,0,0
95830353,2026-05-21,Google Reveals Plan to Dominate AI: Copy Apple,finance.yahoo.com,"('Ai Company', 'Ai Infrastructure', 'Apple', 'Communication Services', 'Google', 'Google Cloud', 'Gross Margin', 'Nvidia', 'Stock', 'Taiwan Semiconductor', 'Technology', 'Vertical Integration')",2026-05-21,"('avgo', 'brcm', 'goog', 'googl', 'intc', 'iqnt', 'meta', 'msft', 'nvda', 'tsm')",4,neutral,0.934644341468811,0,0,0,1
95827960,2026-05-21,"Here are Thursday's biggest analyst calls of the day: Nvidia, Meta, Dell, FedEx, Amazon, Etsy, ASML & more",cnbc.com,"('Breaking News: Markets', 'Consumer Cyclical', 'ETF', 'Energy', 'Financial Services', 'Industrials', 'Investment Strategy', 'Markets', 'Stock', 'Technology', 'Tiingo Top', 'Unknown Sector', 'Utilities')",2026-05-21,"('aee', 'amzn', 'asml', 'bro', 'bros', 'dell', 'dell', 'dt', 'etsy', 'fdx', 'gehc', 'glxy', 'glxy', 'googl', 'jbtm', 'meta', 'meta', 'metv', 'nvda', 'oxy', 'sail', 'sail')",4,neutral,0.9318851232528687,0,0,0,1
95827670,2026-05-21,Mark Zuckerberg Tells Employees Success 'Isn't a Given' As Meta Begins Thousands Of Layoffs,ibtimes.com,"('Ai', 'ETF', 'Financial Services', 'Layoffs', 'Mark Zuckerberg', 'Meta', 'Stock', 'Technology', 'Unknown Sector')",2026-05-21,"('aaic', 'ai', 'meta', 'meta', 'metv')",4,negative,0.945459246635437,-1,0,1,0
95828200,2026-05-21,Meta's $200 Billion AI Bet Puts Investors On Alert,finance.yahoo.com,"('Meta Platforms', 'Richland Parish', 'Stock', 'Technology')",2026-05-21,"('meta',)",4,neutral,0.628934383392334,0,0,0,1
95825580,2026-05-21,Global Firms Turn to China for Innovation-Led Growth,kalkinemedia.com,"('China', 'Ftse 100', 'Stock', 'Technology')",2026-05-21,"('meta',)",4,positive,0.5147479176521301,1,1,0,0
95830262,2026-05-21,"Meta Has Reportedly Laid Off 8,000 Employees",finance.yahoo.com,"('ETF', 'Mark Zuckerberg', 'Meta', 'Stock', 'Technology')",2026-05-21,"('goog', 'googl', 'meta', 'meta', 'metv')",4,negative,0.9708184003829956,-1,0,1,0
95824520,2026-05-21,The Microeconomic Hit From ICE Raids: Bellwether Firms Get Double Whammy,bloomberg.com,"('Consumer Cyclical', 'Stock', 'Technology', 'Tiingo Top')",2026-05-21,"('amzn', 'googl', 'meta', 'msft')",4,neutral,0.5886039733886719,0,0,0,1
95823946,2026-05-21,This AI Stock Is So Cheap Right Now It Feels Like a Glitch. Here's Why I'm Buying.,finance.yahoo.com,"('Communication Services', 'Consumer Cyclical', 'Meta Platforms', 'Stock', 'Technology')",2026-05-21,"('intc', 'iqnt', 'meta', 'nflx', 'nvda')",4,neutral,0.740757167339325,0,0,0,1
95823604,2026-05-21,This AI Stock Is So Cheap Right Now It Feels Like a Glitch. Here's Why I'm Buying.,fool.com,"('A5C0313C-95F7-4401-Ac5A-Fb0A1Baf3B7B', 'ETF', 'Investing', 'Meta', 'Stock', 'Technology', 'Technology And Telecom')",2026-05-21,"('meta', 'meta', 'metv')",4,neutral,0.740757167339325,0,0,0,1
95822142,2026-05-21,Shareholders Press Big Tech Over AI Energy Use and Climate Goals,bloomberg.com,"('Consumer Cyclical', 'Financial Services', 'Industrials', 'Stock', 'Technology', 'Tiingo Top')",2026-05-21,"('blk', 'fdx', 'meta', 'nflx', 'stt')",4,negative,0.5482237339019775,-1,0,1,0
95821873,2026-05-21,"Executive Assistants Making $100,000 a Year Are Losing Jobs to AI",bloomberg.com,"('Stock', 'Technology', 'Tiingo Top')",2026-05-21,"('meta',)",4,negative,0.9599177837371826,-1,0,1,0
95821092,2026-05-21,"Microsoft’s Sliding Stock, AI Woes Make It Market’s Biggest Drag",bloomberg.com,"('Consumer Cyclical', 'Stock', 'Technology', 'Tiingo Top', 'Unknown Sector')",2026-05-21,"('meta', 'msft', 'nvda', 'tsla', 'wday', 'zm')",4,negative,0.9513905048370361,-1,0,1,0
95820792,2026-05-21,"Meta Platforms, Inc. (META) Expands AI Private Chats and Renewable Energy Deals",finance.yahoo.com,"('Ai Stock', 'Inc.', 'Meta Platforms', 'Power Purchase Agreements', 'Shaw Renewable Investments', 'Stock', 'Technology')",2026-05-21,"('meta',)",4,neutral,0.6913781762123108,0,0,0,1
95820384,2026-05-21,"Meta Platforms, Inc. (META) Expands AI Private Chats and Renewable Energy Deals",insidermonkey.com,"('Stock', 'Technology')",2026-05-21,"('meta',)",4,neutral,0.6913781762123108,0,0,0,1
95820322,2026-05-21,Manus Weighs Raising $1 Billion to Unwind Meta Takeover,bloomberg.com,"('Stock', 'Technology', 'Tiingo Top')",2026-05-21,"('meta',)",4,neutral,0.7284318804740906,0,0,0,1
95820139,2026-05-21,"Meta's final email to axed employees: ‘Your role has been eliminated, gather any personal items and head home’",livemint.com,"('Alumni Portal', 'CryptoCurrency', 'ETF', 'Laid-Off Employees', 'Layoff At Meta', 'Meta', 'Meta Final Memo', 'Meta Layoffs', 'Non-Working Notice Period', 'Severance Package', 'Stock', 'Technology', 'Zuckerberg Email To Sacked Employees')",2026-05-21,"('meta', 'meta', 'metv')",4,negative,0.6749343276023865,-1,0,1,0
95820408,2026-05-21,The Great Rotation Created a Rare Buying Window on the Nasdaq. Here Are the 2 Best Artificial Intelligence (AI) Growth Stocks to Buy.,finance.yahoo.com,"('Artificial Intelligence', 'Communication Services', 'Earnings Growth', 'Growth Story', 'Meta Platforms', 'Nasdaq', 'Revenue', 'Stock', 'Technology')",2026-05-21,"('intc', 'iqnt', 'meta', 'msft', 'nvda')",4,neutral,0.8952240347862244,0,0,0,1
95821765,2026-05-21,"Nicholas Company Inc. Increases Holdings in Meta Platforms, Inc. $META",thelincolnianonline.com,"('13F', '30303M10', 'Computer And Technology', 'ETF', 'Financial Services', 'Hedge Fund Holdings', 'Institutional Investor Holdings', 'Meta', 'Meta Platforms', 'Nasdaq:Meta', 'Sec Filings', 'Stock', 'Technology', 'Unknown Sector')",2026-05-21,"('key', 'meta', 'meta', 'metv', 'rjd', 'rjf', 'wfc', 'wfc-ws')",4,positive,0.9260956645011902,1,1,0,0
95820159,2026-05-21,The Great Rotation Created a Rare Buying Window on the Nasdaq. Here Are the 2 Best Artificial Intelligence (AI) Growth Stocks to Buy.,fool.com,"('9F989265-F594-4061-8357-F5A0271C9D55', 'ETF', 'Investing', 'Meta', 'Msft', 'Stock', 'Technology', 'Technology And Telecom')",2026-05-21,"('meta', 'meta', 'metv', 'msft')",4,neutral,0.8952240347862244,0,0,0,1
95822212,2026-05-21,Rollout complete: SpaceX files IPO prospectus,fortune.com,"('Anthropic', 'ETF', 'Elon Musk', 'Fortune Tech', 'Github', 'Intuit', 'Ipos', 'Meta', 'No Copyright', 'Nvidia', 'Openai', 'Samsung', 'Spacex', 'Stock', 'Technology', 'Ubisoft', 'Unknown Sector', 'X')",2026-05-21,"('002502', 'intu', 'meta', 'meta', 'metv', 'nvda')",4,neutral,0.9446150660514832,0,0,0,1
95819366,2026-05-21,"Bernie Sanders Slams Meta After 8,000 Layoffs And Asks: If Mark  Zuckerberg Will Lay Off 10% Of His Staff, What Will AI Do To American Workers?",finance.yahoo.com,"('Artificial Intelligence', 'Inc.', 'Mark Zuckerberg', 'Meta Platforms', 'Sen. Bernie Sanders', 'Stock', 'Technology', 'Workers')",2026-05-21,"('goog', 'googl', 'meta')",4,negative,0.9539698362350464,-1,0,1,0
95818274,2026-05-21,How To Buy Meta (META) Shares From The UK: A Step-By-Step Guide,kalkinemedia.com,"('How To Buy Meta (Meta) Shares From The Uk: A Step-By-Step Guide', 'Stock', 'Technology')",2026-05-21,"('meta',)",4,neutral,0.9040076732635498,0,0,0,1
95817098,2026-05-21,Real Madrid’sBillionaire BossAdds to Wealth With AI-LedFirm,bloomberg.com,"('Financial Services', 'Stock', 'Technology', 'Tiingo Top')",2026-05-21,"('blk', 'meta')",4,positive,0.4999937415122986,1,1,0,0
95816903,2026-05-21,"Virginia Lottery Powerball, Pick 3 Night results for May 20, 2026",aol.com,"('ETF', 'Fb', 'Powerball', 'Powerball Drawings', 'Stock', 'Technology', 'Unknown Sector', 'Virginia Lottery')",2026-05-21,"('fb', 'meta')",4,neutral,0.933079719543457,0,0,0,1
95817674,2026-05-21,"Florida Lottery Powerball, Lotto, Fantasy 5 results for May 20, 2026",aol.com,"('ETF', 'Fb', 'Florida', 'Florida Lottery', 'Powerball', 'Stock', 'Technology', 'Unknown Sector', 'Winning Pick 3 Numbers', 'Winning Pick 4 Numbers', 'Winning Powerball')",2026-05-21,"('fb', 'meta')",4,neutral,0.9183842539787292,0,0,0,1
95816765,2026-05-21,"Florida Lottery Powerball, Fantasy 5 results for May 20, 2026",aol.com,"('ETF', 'Fb', 'Florida Lottery', 'Powerball', 'Stock', 'Technology', 'Unknown Sector', 'Winning Fantasy 5 Numbers', 'Winning Pick 3 Numbers', 'Winning Pick 4 Numbers')",2026-05-21,"('fb', 'meta')",4,neutral,0.9155334234237671,0,0,0,1
95819530,2026-05-21,Sheryl Sandberg tells Gen Z the 10-year career plan is dead as AI wipes out entry-level jobs: ‘Don’t script your career when the future is uncertain’,fortune.com,"('Career', 'Career Advice', 'Colleges And Universities', 'ETF', 'Employment', 'Gen Z', 'Google', 'Graduation', 'Meta', 'Most Powerful Women', 'Sheryl Sandberg', 'Stock', 'Technology', 'Unemployment', 'Women')",2026-05-21,"('meta', 'meta', 'metv')",4,negative,0.648639976978302,-1,0,1,0
95815913,2026-05-21,"Meta employee says high-performing colleague was fired despite long hours, strong track record: ‘Feel bad for surviving’",livemint.com,"('Artificial Intelligence', 'CryptoCurrency', 'ETF', 'Layoffs', 'Meta', 'Meta Ai Restructuring', 'Meta Blind Post', 'Meta Burnout Debate', 'Meta Employee Reaction', 'Meta Employee Viral Post', 'Meta Job Cuts', 'Meta Layoffs', 'Meta Worker Fired', 'Restructuring', 'Stock', 'Tech Industry', 'Tech Layoffs 2026', 'Technology', 'Workplace Burnout Tech Industry')",2026-05-21,"('meta', 'meta', 'metv')",4,negative,0.917709469795227,-1,0,1,0
95814967,2026-05-21,"Daily Open: Nvidia posts strong quarter, as AI leaders race to IPO",cnbc.com,"('Asia Economy', 'Basic Materials', 'Breaking News: Economy', 'Consumer Cyclical', 'ETF', 'Economy', 'Energy', 'Financial Services', 'Foreign Policy', 'Industrials', 'Stock', 'Technology', 'Tiingo Top', 'Unknown Sector')",2026-05-21,"('aal', 'aapl', 'amzn', 'arkk', 'avgo', 'ba', 'baba', 'bno', 'cf', 'cop', 'cvx', 'dal', 'dbo', 'ewh', 'ewj', 'ews', 'ewu', 'ewy', 'fdn', 'fdx', 'googl', 'gs', 'igv', 'intu', 'ixc', 'kwt', 'kwt', 'lmt', 'mchi', 'meta', 'meta', 'metv', 'mos', 'mrvl', 'msft', 'noc', 'ntr', 'nvda', 'orcl', 'oxy', 'qqq', 'ryaay', 'shel', 'shel', 'socl', 'soxx', 'thd', 'tsla', 'tsm', 'tte', 'tte', 'ual', 'uco', 'uga', 'vgk', 'wday', 'xar', 'xlk', 'xom')",4,positive,0.9440214037895203,1,1,0,0
95813340,2026-05-20,We're raising our price target on Nvidia after another knockout quarter and guide,cnbc.com,"('Breaking News: Markets', 'Consumer Cyclical', 'ETF', 'Investment Strategy', 'Markets', 'Stock', 'Technology', 'Tiingo Top', 'Unknown Sector')",2026-05-20,"('amzn', 'arm', 'avgo', 'glw', 'googl', 'intc', 'meta', 'meta', 'metv', 'msft', 'nvda', 'soxx', 'xlk', 'xsd')",3,positive,0.8224310874938965,1,1,0,0
95813868,2026-05-20,The Real Winner of SpaceX’s IPO: Mark Zuckerberg,finance.yahoo.com,"('Aws', 'Consumer Cyclical', 'Excess Capacity', 'Mark Zuckerberg', 'Meta Platforms', 'Spacex', 'Stock', 'Technology', 'Unknown Sector')",2026-05-21,"('amzn', 'aws', 'brcm', 'meta', 'msft', 'nvda')",3,neutral,0.927089273929596,0,0,0,1
95812452,2026-05-20,Intuit CEO says company’s 17% workforce cut had ‘nothing to do with AI’,cnbc.com,"('Business', 'Consumer Cyclical', 'ETF', 'Investment Strategy', 'Markets', 'Stock', 'Stock Markets', 'Technology', 'Tiingo Top')",2026-05-20,"('amzn', 'intu', 'meta', 'meta', 'metv', 'msft')",3,negative,0.9594858288764954,-1,0,1,0
95812453,2026-05-20,SpaceX is poised to be the biggest IPO ever. Here are the top U.S. deals to date,cnbc.com,"('Autos', 'Breaking News: Technology', 'Business', 'Communication Services', 'Computing', 'Consumer Cyclical', 'ETF', 'Financial Services', 'Industrials', 'Internet', 'Ipo', 'Stock', 'Technology', 'Telecommunications', 'Unknown Sector', 'Wireless')",2026-05-20,"('baba', 'cbrs', 'fpx', 'gs', 'jpm', 'lmt', 'meta', 'meta', 'metv', 'ms', 'pins', 'rddt', 'rivn', 'snap', 'tmus', 'uber', 'vz')",3,neutral,0.9389365911483765,0,0,0,1
95811521,2026-05-20,Meta Expands Its Creator Ecosystem With Instagram’s New Instants App,forbes.com,"('ETF', 'Instagram', 'Instants', 'Meta', 'Stock', 'Technology')",2026-05-20,"('meta', 'meta', 'metv')",3,positive,0.8256736397743225,1,1,0,0
95811289,2026-05-20,Goldman CEO Slides Into Musk’s DMs During Bid to Lead SpaceX IPO,bloomberg.com,"('Consumer Cyclical', 'Financial Services', 'Stock', 'Technology', 'Tiingo Top')",2026-05-20,"('gs', 'meta', 'ms', 'tsla')",3,neutral,0.6502866744995117,0,0,0,1
95811322,2026-05-20,Zuckerberg says he feels 'weight' of Meta layoffs,finance.yahoo.com,"('ETF', 'Global Workforce', 'Mark Zuckerberg', 'Meta', 'Stock', 'Technology')",2026-05-20,"('meta', 'meta', 'metv')",3,negative,0.9380566477775574,-1,0,1,0
95809961,2026-05-20,What Goldman’s lead role in SpaceX’s record-breaking IPO means for its investors,cnbc.com,"('Banking', 'Banks', 'Breaking News: Markets', 'Breaking News: Technology', 'Business', 'Consumer Cyclical', 'ETF', 'Economy', 'Finance', 'Financial Services', 'Investment Banking', 'Investment Strategy', 'Ipo', 'Markets', 'Stock', 'Technology', 'Tiingo Top', 'Unknown Sector')",2026-05-20,"('baba', 'bac', 'gs', 'gsf', 'gsj', 'gvip', 'jpm', 'meta', 'meta', 'metv', 'ms', 'uber')",3,neutral,0.8408185839653015,0,0,0,1
95810996,2026-05-20,I got laid off from Meta 3 years ago and spiraled. Here's why it was a blessing in disguise — and what I wish someone had told me then.,aol.com,"('ETF', 'Emily Pitcher', 'Financial Services', 'Meta', 'Stock', 'Technology')",2026-05-20,"('aaba', 'meta', 'meta', 'metv', 'yhoo')",3,neutral,0.7636602520942688,0,0,0,1
95814612,2026-05-20,"Meta Cut 8,000 Jobs and Told Employees That AI Agents Will ‘Primarily Do the Work’ Now",finance.yahoo.com,"('ETF', 'Meta', 'Stock', 'Technology')",2026-05-21,"('meta', 'meta', 'metv')",3,negative,0.8529472947120667,-1,0,1,0
95808950,2026-05-20,"Brazilian President Moves to Tighten Rules on Big Tech, Social Media Content",bloomberg.com,"('Brazil', 'Stock', 'Technology', 'Tiingo Top')",2026-05-20,"('googl', 'meta')",3,neutral,0.621789276599884,0,0,0,1
95810363,2026-05-20,Meta says the quiet part out loud about layoffs as the company double downs on AI,aol.com,"('Company', 'ETF', 'Financial Services', 'Layoffs', 'Mark Zuckerberg', 'Meta', 'Stock', 'Technology')",2026-05-20,"('aaba', 'goog', 'googl', 'meta', 'meta', 'metv', 'msft', 'yhoo')",3,negative,0.9435938596725464,-1,0,1,0
95809697,2026-05-20,Meta says the quiet part out loud about layoffs as the company double downs on AI,finance.yahoo.com,"('Company', 'ETF', 'Financial Services', 'Layoffs', 'Mark Zuckerberg', 'Meta', 'Stock', 'Technology')",2026-05-20,"('aaba', 'goog', 'googl', 'meta', 'meta', 'metv', 'msft', 'yhoo')",3,negative,0.9435938596725464,-1,0,1,0
95806848,2026-05-20,Intuit plans to cut workforce by about 17% as tax software maker reckons with slowing growth,cnbc.com,"('Breaking News: Technology', 'Business', 'Computing', 'ETF', 'Enterprise', 'Internet', 'Stock', 'Technology', 'Unknown Sector', 'Wireless')",2026-05-20,"('csco', 'gtm', 'gtm', 'gtm', 'intu', 'meta', 'meta', 'metv', 'net')",3,negative,0.967766523361206,-1,0,1,0
95807469,2026-05-20,Vanguard S&P 500 ETF (VOO): Graham Stephan Likes This Index Fund,finance.yahoo.com,"('Consumer Cyclical', 'ETF', 'Financial Services', 'Graham Stephan', 'Stock', 'Technology')",2026-05-20,"('avgo', 'brcm', 'brk-a', 'brk-b', 'meta', 'tsla', 'voo')",3,neutral,0.8734742999076843,0,0,0,1
95810426,2026-05-20,"Another wave: Meta axes 8,000 employees in gut-wrenching layoff spree",finance.yahoo.com,"('Android Central', 'ETF', 'Employees', 'Mark Zuckerberg', 'Meta', 'New York Post', 'Stock', 'Technology')",2026-05-20,"('meta', 'meta', 'metv')",3,negative,0.9664137959480286,-1,0,1,0
95803693,2026-05-20,Meta’s Largest Overhaul Shifts Thousands Into AI As Valuation Draws Focus,simplywall.st,"('Stock', 'Technology')",2026-05-20,"('meta',)",3,neutral,0.8231706619262695,0,0,0,1
95803434,2026-05-20,Nvidia Earnings Face AI Rally Test After 60% Chip Index Surge,finance.yahoo.com,"('Ai Infrastructure', 'Consumer Cyclical', 'Earnings Report', 'Earnings Reports', 'Nvidia', 'Stock', 'Technology')",2026-05-20,"('amzn', 'goog', 'meta', 'msft', 'nvda')",3,negative,0.7514112591743469,-1,0,1,0
95803377,2026-05-20,"Meta Cuts 8,000 Jobs As AI Spending Could Reach $145 Billion",finance.yahoo.com,"('Financial Services', 'Mark Zuckerberg', 'Meta Platforms', 'Stock', 'Technology')",2026-05-20,"('evr', 'meta')",3,negative,0.9680442810058594,-1,0,1,0
95802652,2026-05-20,Ex-Meta worker warns of more firings to come -- despite Zuckerberg pledge that bloodbath is over: 'need therapy',nypost.com,"('ETF', 'Layoffs', 'Mark Zuckerberg', 'Meta', 'Stock', 'Technology')",2026-05-20,"('goog', 'googl', 'meta', 'meta', 'metv')",3,negative,0.9537200927734375,-1,0,1,0
95802167,2026-05-20,Cheap AI could derail OpenAI and Anthropic's IPOs,cnbc.com,"('Business', 'Computing', 'Consumer Cyclical', 'ETF', 'Financials', 'Internet', 'Stock', 'Technology', 'Unknown Sector', 'Wireless')",2026-05-20,"('amzn', 'dell', 'dell', 'fig', 'fig', 'fig', 'googl', 'meta', 'meta', 'metv', 'msft', 'nflx', 'nvda', 'obdc', 'orcl', 'pins', 'shop', 'spot')",3,negative,0.9633814096450806,-1,0,1,0
95802166,2026-05-20,Zuckerberg says 'success isn't a given' in memo to employees amid Meta layoffs,cnbc.com,"('Breaking News: Technology', 'Business', 'Computing', 'ETF', 'Internet', 'Personnel', 'Social Media', 'Stock', 'Technology', 'Wireless')",2026-05-20,"('csco', 'meta', 'meta', 'metv', 'msft')",3,negative,0.9489498138427734,-1,0,1,0
95801354,2026-05-20,Meta Faces Role in India Music Copyright Case,finance.yahoo.com,"('ETF', 'India', 'Meta', 'Nykaa', 'Stock', 'Technology', 'Zee Entertainment')",2026-05-20,"('meta', 'meta', 'metv')",3,neutral,0.8108612895011902,0,0,0,1
95801237,2026-05-20,Meta layoffs add to AI angst,finance.yahoo.com,"('Andrew Bosworth', 'ETF', 'Meta', 'Stock', 'Technology', 'The Wall Street Journal')",2026-05-20,"('goog', 'googl', 'meta', 'meta', 'metv')",3,negative,0.9710888266563416,-1,0,1,0
95799836,2026-05-20,"The Mag 7’s Chip Strategies Just Got Serious, and Nvidia’s Once‑Clear Lead Looks More Contested",finance.yahoo.com,"('Consumer Cyclical', 'Custom Silicon', 'Financial Services', 'Google', 'Nvidia', 'Real Estate', 'Stock', 'Technology', 'Total Addressable Market', 'Unknown Sector', 'Vera Rubin')",2026-05-20,"('aapl', 'amzn', 'bx', 'bxmt', 'cbrs', 'ct', 'goog', 'googl', 'meta', 'msft', 'nvda', 'tsla')",3,positive,0.806851327419281,1,1,0,0
95798830,2026-05-20,Meta offers rival AI chatbots free WhatsApp access in Europe,finance.yahoo.com,"('Ai Assistant', 'ETF', 'European Commission', 'Meta', 'Perplexity', 'Stock', 'Technology', 'The Commission', 'Whatsapp')",2026-05-20,"('meta', 'meta', 'metv', 'msft')",3,neutral,0.7556838393211365,0,0,0,1
95797322,2026-05-20,Forget Palantir: 2 Unstoppable AI Stocks to Buy Instead,finance.yahoo.com,"('Ai Infrastructure', 'Alphabet', 'Google', 'Palantir', 'Retail Traders', 'Stock', 'Technology', 'Top 10 Stocks', 'Unknown Sector')",2026-05-20,"('goog', 'googl', 'meta', 'nvda', 'pltr')",3,neutral,0.8820435404777527,0,0,0,1
95796611,2026-05-20,BofA Doubles Down on Alphabet at $430 Price Target After I/O 2026 AI Showcase,finance.yahoo.com,"('Ai Overviews', 'Alphabet', 'Alphabet Stock', 'Bank Of America', 'Financial Services', 'Googl', 'Google', 'Price Target', 'Reiteration', 'Search Traffic', 'Stock', 'Technology', 'Unknown Sector')",2026-05-20,"('bac', 'goog', 'googl', 'meta', 'mhm', 'mpe', 'nvda')",3,negative,0.9626980423927307,-1,0,1,0
95796359,2026-05-20,Wells Fargo Trims Meta Platforms Price Target to $765: Why the AI Infrastructure Bet Still Has Believers,finance.yahoo.com,"('Ai Infrastructure', 'Cloud Services', 'Financial Services', 'Meta Platforms', 'Price Target', 'Stock', 'Technology', 'Unknown Sector')",2026-05-20,"('meta', 'nvda', 'wfc', 'wfc-ws')",3,neutral,0.7597500085830688,0,0,0,1
95804794,2026-05-20,The one number that will actually move Nvidia’s stock Wednesday night,fortune.com,"('Amazon', 'ETF', 'Earnings', 'Energy Prices', 'Google', 'Google Ai', 'Jensen Huang', 'Meta', 'Nvidia', 'Stock', 'Technology', 'Wall Street')",2026-05-20,"('meta', 'meta', 'metv', 'nvda')",3,neutral,0.9277910590171814,0,0,0,1
95796614,2026-05-20,Meta Workers Rush to Use Up Benefits Before AI-Fueled Layoffs Hit,finance.yahoo.com,"('ETF', 'Meta', 'Stock', 'Technology')",2026-05-20,"('meta', 'meta', 'metv', 'msft')",3,negative,0.9601170420646667,-1,0,1,0
95792654,2026-05-20,"Mark Zuckerberg's Meta kicks off major bloodbath with 8,000 layoffs as AI roils tech giant",nypost.com,"('Artificial Intelligence', 'ETF', 'Layoffs', 'Meta', 'Stock', 'Technology')",2026-05-20,"('csco', 'meta', 'meta', 'metv', 'msft')",3,negative,0.9577187895774841,-1,0,1,0
95792630,2026-05-20,"Meta Forces Workers to Train Their AI Replacements — Then Cuts 8,000 Jobs at Record Profit",techtimes.com,"('Ai Automation', 'Business', 'ETF', 'Financial Services', 'Jobs', 'Layoff', 'Meta', 'Stock', 'Technology', 'Tiingo Top', 'Unknown Sector')",2026-05-20,"('bac', 'goog', 'googl', 'lnkd', 'meta', 'meta', 'metv', 'mhm', 'mpe', 'msft')",3,negative,0.9566753506660461,-1,0,1,0
95814986,2026-05-20,Meta’s Zuckerberg discusses AI training using employee computer activity,au.finance.yahoo.com,"('Employee Concerns', 'Employee Data', 'Mark Zuckerberg', 'Meta Platforms Inc', 'Stock', 'Technology')",2026-05-21,"('intu', 'meta')",3,neutral,0.9350312948226929,0,0,0,1
95792671,2026-05-20,"Intuit to Cut 17% of Staff in Efficiency Push, Reuters Says",bloomberg.com,"('Stock', 'Technology', 'Tiingo Top')",2026-05-20,"('intu', 'meta')",3,negative,0.9681339859962463,-1,0,1,0
95797160,2026-05-20,Meta Medicare scam ads targeting seniors face scrutiny,aol.com,"('Ccdh', 'ETF', 'Medicare', 'Meta', 'Stock', 'Technology')",2026-05-20,"('meta', 'meta', 'metv')",3,negative,0.9022821187973022,-1,0,1,0
95797103,2026-05-20,Meta Medicare scam ads targeting seniors face scrutiny,aol.com,"('Ccdh', 'ETF', 'Medicare', 'Meta', 'Stock', 'Technology')",2026-05-20,"('meta', 'meta', 'metv')",3,negative,0.9022821187973022,-1,0,1,0
95789920,2026-05-20,"WD Strategies, Shannon Claire Attend Meta's Business Leaders Network Annual Conference in Washington, D.C",newswire.com,"('ETF', 'Meta', 'Meta Ads', 'Meta Business Leader Network Event', 'Small Businesses', 'Stock', 'Technology')",2026-05-20,"('meta', 'meta', 'metv')",3,neutral,0.9212018847465515,0,0,0,1
95801202,2026-05-20,"Meta begins cutting 8,000 positions in AI transformation",finance.yahoo.com,"('Artificial Intelligence Company', 'Corporate Transition', 'ETF', 'Global Workforce', 'Meta', 'Severance Pay', 'Stock', 'Technology')",2026-05-20,"('meta', 'meta', 'metv', 'msft')",3,negative,0.9594285488128662,-1,0,1,0
95801946,2026-05-20,"Meta begins cutting 8,000 positions in AI transformation",aol.com,"('Artificial Intelligence Company', 'Corporate Transition', 'ETF', 'Global Workforce', 'Meta', 'Severance Pay', 'Stock', 'Technology')",2026-05-20,"('meta', 'meta', 'metv', 'msft')",3,negative,0.9594285488128662,-1,0,1,0
95793876,2026-05-20,Metadium 24 Hour Trading Volume Reaches $692.35 Thousand (META),thelincolnianonline.com,"('CryptoCurrency', 'Currency:Metadium', 'ETF', 'Meta', 'Metadium', 'Stock', 'Technology')",2026-05-20,"('lnkd', 'meta', 'meta', 'metv', 'twtr')",3,neutral,0.9234457612037659,0,0,0,1
95788120,2026-05-20,"College career path ‘over’ as skilled trade get 30% pay bump, recruitment giant says",cnbc.com,"('Artificial Intelligence', 'Breaking News: Technology', 'Business', 'Computing', 'Consumer Cyclical', 'ETF', 'Graduate Education', 'Hiring And Recruitment', 'Internet', 'Jobs', 'Personnel', 'Stock', 'Technology', 'Wireless')",2026-05-20,"('amzn', 'googl', 'meta', 'meta', 'metv', 'msft')",3,positive,0.6100476980209351,1,1,0,0
95786700,2026-05-20,"Meta layoffs 2026: 8,000 jobs cut in AI restructuring",finance.yahoo.com,"('Artificial Intelligence', 'ETF', 'Meta', 'North American Employees', 'Stock', 'Technology')",2026-05-20,"('meta', 'meta', 'metv')",3,negative,0.9654644727706909,-1,0,1,0
95785958,2026-05-20,Meta Platforms (META) – Among the 11 Best Long Term US Stocks to Buy Right Now,insidermonkey.com,"('Stock', 'Technology')",2026-05-20,"('meta',)",3,neutral,0.6841944456100464,0,0,0,1
95786781,2026-05-20,Meta Platforms (META) – Among the 11 Best Long Term US Stocks to Buy Right Now,finance.yahoo.com,"('Inc.', 'Meta Platforms', 'Stock', 'Technology')",2026-05-20,"('meta',)",3,neutral,0.6841944456100464,0,0,0,1
95786730,2026-05-20,Prediction: These 4 Stocks Will Hit a $3 Trillion Valuation by the End of 2027,finance.yahoo.com,"('Amazon', 'Amazon Web Services', 'Broadcom', 'Communication Services', 'Consumer Cyclical', 'Market Cap', 'Meta Platforms', 'Stock', 'Taiwan Semiconductor', 'Technology', 'Wall Street Analysts')",2026-05-20,"('amzn', 'avgo', 'brcm', 'intc', 'iqnt', 'meta', 'nvda', 'tsm')",3,positive,0.7533265948295593,1,1,0,0
95785986,2026-05-20,Prediction: These 4 Stocks Will Hit a $3 Trillion Valuation by the End of 2027,fool.com,"('Amzn', 'Avgo', 'B4Facb3E-E1Bd-4E22-83Eb-98A45Ebd0587', 'Consumer Cyclical', 'ETF', 'Investing', 'Meta', 'Stock', 'Technology', 'Technology And Telecom', 'Tiingo Top', 'Tsm')",2026-05-20,"('amzn', 'avgo', 'meta', 'meta', 'metv', 'tsm')",3,positive,0.7533265948295593,1,1,0,0
95784992,2026-05-20,Chatbots Struggle With News Accuracy andSourcing Ahead of Midterms,bloomberg.com,"('Stock', 'Technology', 'Tiingo Top')",2026-05-20,"('googl', 'meta')",3,negative,0.8956846594810486,-1,0,1,0
95785730,2026-05-20,Meta proposes limited free WhatsApp access for rival AI chatbots in Europe (META),finance.yahoo.com,"('European Commission', 'European Regulators', 'European Union', 'Free Access', 'Meta Platforms', 'Proposal', 'Stock', 'Technology', 'The Commission')",2026-05-20,"('meta',)",3,neutral,0.9024685621261597,0,0,0,1
95783913,2026-05-20,Is Billionaire Michael Platt Souring on the Magnificent Seven? He Just Closed Positions in 4 AI Titans in Favor of a Company That May Be a Surefire Winner in the AI Infrastructure Spending Boom.,fool.com,"('Aapl', 'Amd', 'Amzn', 'Avgo', 'Consumer Cyclical', 'ETF', 'F7B6C01E-00B1-4Fba-Ae52-D6A3Faa82227', 'Goog', 'Googl', 'Investing', 'Meta', 'Msft', 'Nvda', 'Stock', 'Technology', 'Technology And Telecom', 'Tsla', 'Tsm')",2026-05-20,"('aapl', 'amzn', 'avgo', 'goog', 'googl', 'meta', 'meta', 'metv', 'msft', 'nvda', 'tsla', 'tsm')",3,neutral,0.5840643048286438,0,0,0,1
95782628,2026-05-20,Meta Layoffs Signal AI Bill Is Coming Due,forbes.com,"('ETF', 'Meta', 'Meta Layoffs', 'Meta Stock Price', 'Stock', 'Technology')",2026-05-20,"('meta', 'meta', 'metv')",3,negative,0.94771409034729,-1,0,1,0
95782724,2026-05-20,"ABN AMRO Bank N.V. Has $62.92 Million Stock Position in Meta Platforms, Inc. $META",thelincolnianonline.com,"('13F', '30303M10', 'Computer And Technology', 'ETF', 'Financial Services', 'Hedge Fund Holdings', 'Institutional Investor Holdings', 'Meta', 'Meta Platforms', 'Nasdaq:Meta', 'Real Estate', 'Sec Filings', 'Stock', 'Technology', 'Unknown Sector')",2026-05-20,"('ihit', 'ivr', 'ivz', 'meta', 'meta', 'metv', 'mfg', 'stt', 'wfc', 'wfc-ws')",3,neutral,0.9451841711997986,0,0,0,1
95782960,2026-05-20,"Altman Advisors Inc. Sells 1,106 Shares of Meta Platforms, Inc. $META",thelincolnianonline.com,"('13F', '30303M10', 'Computer And Technology', 'ETF', 'Financial Services', 'Hedge Fund Holdings', 'Institutional Investor Holdings', 'Meta', 'Meta Platforms', 'Nasdaq:Meta', 'Sec Filings', 'Stock', 'Technology', 'Unknown Sector')",2026-05-20,"('bac', 'jef', 'meta', 'meta', 'metv', 'mhm', 'mpe')",3,neutral,0.9361611604690552,0,0,0,1
95779275,2026-05-20,Nvidia's Earnings Are Hours Away. Here Are 3 Things to Watch.,fool.com,"('Amzn', 'China', 'Consumer Cyclical', 'De732348-B0F9-4Acd-9A17-F6F0C0A95730', 'ETF', 'Goog', 'Googl', 'Investing', 'Meta', 'Msft', 'Nvda', 'Stock', 'Technology', 'Technology And Telecom')",2026-05-20,"('amzn', 'goog', 'googl', 'meta', 'meta', 'metv', 'msft', 'nvda')",3,neutral,0.8187682032585144,0,0,0,1
95777856,2026-05-20,Bond Market Fright May End Cheap Funds Era,bloomberg.com,"('Financial Services', 'Stock', 'Technology', 'Tiingo Top')",2026-05-20,"('bac', 'meta', 'msft', 'nvda')",3,negative,0.7223256230354309,-1,0,1,0
95777471,2026-05-20,"Florida Lottery Mega Millions, Fantasy 5 results for May 19, 2026",aol.com,"('ETF', 'Fb', 'Florida Lottery', 'Mega Millions', 'Stock', 'Technology', 'Unknown Sector', 'Winning Fantasy 5 Numbers', 'Winning Pick 3 Numbers', 'Winning Pick 4 Numbers')",2026-05-20,"('fb', 'meta')",3,neutral,0.924813449382782,0,0,0,1
95780468,2026-05-20,Why the AI field’s biggest names are betting billions on ‘world models’,fortune.com,"('Apple Only', 'Automation', 'Chatgpt', 'ETF', 'Google', 'Meta', 'Nvidia', 'Stock', 'Technology')",2026-05-20,"('meta', 'meta', 'metv', 'nvda')",3,neutral,0.9335394501686096,0,0,0,1
