id,published_date,title,source,tags,crawl_date,tickers,day_of_week
95735857,2026-05-18,"Meta Moves 7,000 Workers Into AI Roles Ahead of Job Cuts",bloomberg.com,"('Consumer Cyclical', 'Stock', 'Technology', 'Tiingo Top')",2026-05-18,"('googl', 'meta', 'nyt')",1
95735042,2026-05-18,Google I/O primer: Alphabet's AI showcase is its chance to wow Wall Street,cnbc.com,"('Breaking News: Investing', 'Breaking News: Markets', 'Business', 'Computing', 'Consumer Cyclical', 'ETF', 'Energy', 'Fintech', 'Internet', 'Investment Strategy', 'Markets', 'Stock', 'Technology', 'Tiingo Top', 'Unknown Sector', 'Wireless')",2026-05-18,"('aapl', 'afrm', 'amzn', 'bkng', 'cart', 'dash', 'expe', 'goog', 'googl', 'klar', 'meta', 'meta', 'metv', 'msft', 'nvda', 'orcl', 'skyy', 'wcld', 'xlk')",1
95734004,2026-05-18,This Nvidia-Backed Artificial Intelligence (AI) Infrastructure Company Is Solving a Key Problem. It Could Easily Become a Multibagger Stock in the Next 3 Years,fool.com,"('B2Fab553-6F54-4F7B-91A0-88812439399D', 'Crwv', 'ETF', 'Financial Services', 'Gs', 'Investing', 'Meta', 'Nvda', 'Stock', 'Technology', 'Technology And Telecom', 'Unknown Sector', '^Ixic')",2026-05-18,"('crwv', 'gs', 'meta', 'meta', 'metv', 'nvda')",1
95732470,2026-05-18,Meta employees told to work remotely Wednesday as company prepares to slash 10% of workforce: report,nypost.com,"('ETF', 'Facebook', 'Instagram', 'Layoffs', 'Mark Zuckerberg', 'Meta', 'Stock', 'Technology')",2026-05-18,"('meta', 'meta', 'metv')",1
95732655,2026-05-18,Meta Platforms Inc. (META): Mark Cuban Outlines His View on AI Race Winners,finance.yahoo.com,"('Cuba', 'Inc.', 'Mark Cuban', 'Meta Platforms', 'Stock', 'Technology')",2026-05-18,"('meta',)",1
95733393,2026-05-18,Buy the Dip in Nvidia Stock off of Record Highs as Q1 Earnings Approach?,zacks.com,"('Consumer Cyclical', 'ETF', 'Investment Ideas', 'Stock', 'Technology', 'Unknown Sector')",2026-05-18,"('amzn', 'cbrs', 'googl', 'meta', 'meta', 'metv', 'msft', 'nvda')",1
95731509,2026-05-18,The end of card-funded ad spend: Why Meta and Google want businesses off credit cards,aol.com,"('Advertisers', 'Bank Account', 'Brian Waldman', 'Card Payments', 'Credit Card', 'ETF', 'Financial Services', 'Google', 'Meta', 'Stock', 'Technology')",2026-05-18,"('goog', 'googl', 'ma', 'meta', 'meta', 'metv')",1
95731017,2026-05-18,Meta Platforms (META) Launching Incognito Chat for WhatsApp AI Assistant,insidermonkey.com,"('Stock', 'Technology')",2026-05-18,"('meta',)",1
95731010,2026-05-18,Kentucky Republican Thomas Massie is Trump revenge tour's next target,cnbc.com,"('Breaking News: Politics', 'ETF', 'Elections', 'Politics', 'Stock', 'Technology')",2026-05-18,"('meta', 'meta', 'metv')",1
95730547,2026-05-18,Meta Platforms Is Down 11% in a Month While Alphabet Is Up 16%. What’s Going On?,finance.yahoo.com,"('Alphabet', 'Google Cloud', 'Industrials', 'Meta Platforms', 'Stock', 'Technology', 'Unknown Sector', 'Utilities')",2026-05-18,"('dal', 'deltw', 'dgas', 'goog', 'googl', 'meta', 'nvda')",1
95730347,2026-05-18,"Exclusive-Meta lays out plans for May 20 layoffs, restructuring, internal document says",finance.yahoo.com,"('ETF', 'Meta', 'Notifications', 'Stock', 'Technology')",2026-05-18,"('meta', 'meta', 'metv')",1
95730601,2026-05-18,"Meta lays out plans for May 20 layoffs, restructuring, internal document says",finance.yahoo.com,"('ETF', 'Meta', 'Notifications', 'Stock', 'Technology')",2026-05-18,"('meta', 'meta', 'metv')",1
95728720,2026-05-18,This Beaten-Down Tech Stock Presents a Generational Buying Opportunity,finance.yahoo.com,"('Communication Services', 'Consumer Cyclical', 'ETF', 'Meta Platforms', 'S&P 500', 'Stock', 'Technology', 'Unknown Sector')",2026-05-18,"('goog', 'googl', 'intc', 'iqnt', 'meta', 'nflx', 'nvda', 'tall')",1
95727945,2026-05-18,"It's not too late to buy Nvidia. Here are the reasons we say 'own it, don't trade it'",cnbc.com,"('Breaking News: Markets', 'Breaking News: Technology', 'Business', 'Computing', 'Consumer Cyclical', 'ETF', 'Internet', 'Investment Strategy', 'Markets', 'Stock', 'Technology', 'Tiingo Top', 'Unknown Sector', 'Wireless')",2026-05-18,"('amzn', 'avgo', 'crwd', 'googl', 'intc', 'meta', 'meta', 'metv', 'mrvl', 'msft', 'nvda', 'soxx')",1
95728284,2026-05-18,This Beaten-Down Tech Stock Presents a Generational Buying Opportunity,fool.com,"('ETF', 'Ef8683Df-7Cfe-4F48-847F-Caf3A784Aee4', 'Investing', 'Meta', 'Stock', 'Technology', 'Technology And Telecom')",2026-05-18,"('meta', 'meta', 'metv')",1
95727125,2026-05-18,I wear Meta Glasses so I don't have to think — You won't either with this smart deal,nypost.com,"('Amazon Sales', 'Artificial Intelligence', 'Deals', 'ETF', 'Eyeglasses', 'Meta', 'Stock', 'Sunglasses', 'Technology', 'Wearable Technology')",2026-05-18,"('meta', 'meta', 'metv')",1
95728864,2026-05-18,NextEra-Dominion Energy Merger To Create World’s Largest Electric Utility,finance.yahoo.com,"('Clean Energy', 'Consumer Cyclical', 'Data Centers', 'Dominion Energy', 'Nextera Energy', 'Power Utility', 'Stock', 'Technology', 'Utilities')",2026-05-18,"('amzn', 'd', 'goog', 'googl', 'meta', 'msft', 'nee', 'xifr')",1
95726801,2026-05-18,NextEra-Dominion Energy Merger To Create World’s Largest Electric Utility,oilprice.com,"('Ai Electricity Demand', 'Clean Energy', 'Consumer Cyclical', 'Data Center Power', 'Dominion Energy', 'Electric Utility Acquisition', 'Energy Sector M&A', 'Ferc Approval', 'Nextera Energy', 'Northern Virginia Data Centers', 'Stock', 'Technology', 'Utilities', 'Utility Merger')",2026-05-18,"('amzn', 'd', 'goog', 'googl', 'meta', 'msft', 'nee', 'xifr')",1
95726538,2026-05-18,Did NextEra Energy Just Make a Massive $67 Billion Bet on AI Power Demand? Here's All You Need to Know,fool.com,"('Amzn', 'And Utilities', 'Consumer Cyclical', 'D', 'D18712F6-A934-4Fa1-8D81-43A8D850580F', 'ETF', 'Energy', 'Goog', 'Investing', 'Materials', 'Meta', 'Msft', 'Nee', 'Stock', 'Technology', 'Utilities')",2026-05-18,"('amzn', 'goog', 'meta', 'meta', 'metv', 'msft', 'nee', 'xifr')",1
95724859,2026-05-18,"Zefr Deepens Meta Partnership, Bringing AI-Powered Pre-Bid Controls to Threads Feed",finance.yahoo.com,"('Content Block', 'ETF', 'Meta', 'Stock', 'Technology', 'Threads Feed', 'Zefr')",2026-05-18,"('meta', 'meta', 'metv')",1
95724517,2026-05-18,Nvidia's Next Earnings Report on May 20 Could Send the Stock Soaring. Here's Why.,fool.com,"('5B4F12B1-593C-4601-93Bd-E4C0D30D648F', 'Amzn', 'Consumer Cyclical', 'ETF', 'Goog', 'Googl', 'Investing', 'Iren', 'Meta', 'Msft', 'Nvda', 'Stock', 'Technology', 'Technology And Telecom', 'Unknown Sector')",2026-05-18,"('amzn', 'goog', 'googl', 'iren', 'meta', 'meta', 'metv', 'msft', 'nvda')",1
95722351,2026-05-18,AMD Price Target Vaults to $460 at Citi on $132 Billion CPU Forecast. So Why Neutral?,finance.yahoo.com,"('Advanced Micro Devices', 'Amd Stock', 'Citi', 'Communication Services', 'Nvidia', 'Price Target', 'Prudent Investors', 'Stock', 'Target', 'Technology', 'Top 10 Stocks')",2026-05-18,"('amd', 'intc', 'iqnt', 'meta', 'nvda')",1
95721907,2026-05-18,Meta Set To Begin Thousands Of Layoffs With More Expected Later This Year,ibtimes.com,"('Ai', 'ETF', 'Financial Services', 'Meta', 'Stock', 'Technology', 'Unknown Sector')",2026-05-18,"('aaic', 'ai', 'meta', 'meta', 'metv')",1
95721341,2026-05-18,"The last century was great for U.S. stocks, but the next decade might be challenging, says investing chief",cnbc.com,"('Alphabet Class A', 'Amazon.Com Inc', 'Apple Inc', 'Consumer Cyclical', 'ETF', 'Invesco S&P 500 Eql Wght Etf', 'Meta Platforms Inc', 'Microsoft Corp', 'Nvidia Corp', 'Stock', 'Technology', 'Tesla Inc', 'United States')",2026-05-18,"('aapl', 'amzn', 'googl', 'meta', 'meta', 'metv', 'msft', 'nvda', 'rsp', 'tsla')",1
95721912,2026-05-18,Bill Ackman and These Super Investors Just Bought These Stocks,fool.com,"('42F67D52-2191-4D00-B94E-D21B015Abcb0', 'Amzn', 'Consumer Cyclical', 'ETF', 'Googl', 'Healthcare', 'Investing', 'Meli', 'Meta', 'Msft', 'Now', 'Nvda', 'Stock', 'Technology', 'Technology And Telecom', 'Uber', 'Unh', 'Unknown Sector')",2026-05-18,"('amzn', 'googl', 'meli', 'meta', 'meta', 'metv', 'msft', 'nvda', 'uber', 'unh')",1
95720436,2026-05-18,Meta employee gets dark about horror of working there as jobs bloodbath looms: 'I tend to cry in the shower',nypost.com,"('California', 'ETF', 'Layoffs', 'Mark Zuckerberg', 'Meta', 'San Francisco', 'Stock', 'Technology')",2026-05-18,"('lnkd', 'meta', 'meta', 'metv')",1
95720320,2026-05-18,"Meta to Eliminate Around 8,000 Jobs as AI Investment Push Intensifies (META)",finance.yahoo.com,"('ETF', 'Mark Zuckerberg', 'Meta', 'Meta Stock', 'Stock', 'Technology', 'Vacant Positions', 'Workforce Reductions')",2026-05-18,"('meta', 'meta', 'metv')",1
95719118,2026-05-18,"As more jobs demand AI skills, some colleges may fall short in prepping students: 'Why would we train them using the skills of yesterday?'",cnbc.com,"('ETF', 'Personnel', 'Stock', 'Technology')",2026-05-18,"('googl', 'meta', 'meta', 'metv')",1
95717939,2026-05-18,4 Top Stocks I'm Buying In May,fool.com,"('Consumer Cyclical', 'ETF', 'Ed42Beb0-9789-46Cb-8131-2C9F5650147A', 'Investing', 'Meli', 'Meta', 'Rklb', 'Shop', 'Sofi', 'Stock', 'Technology', 'Technology And Telecom', 'Unknown Sector')",2026-05-18,"('meli', 'meta', 'meta', 'metv', 'rklb', 'shop', 'sofi')",1
95716540,2026-05-18,Corporate Super PAC Spending Hits $125 Million State Push,finance.yahoo.com,"('Alabama Republican State Senate', 'Corporate Money', 'Fanatics Sportsbook', 'Sports Gambling', 'Stock', 'Super Pac', 'Technology', 'Unknown Sector')",2026-05-18,"('dkng', 'meta')",1
95716181,2026-05-18,Google’s Own AI Researchers Jockey for Access to its Computing,bloomberg.com,"('Stock', 'Technology', 'Tiingo Top')",2026-05-18,"('goog', 'googl', 'meta')",1
95718664,2026-05-18,Buy Cisco as a New Leader of the AI Networking Infrastructure Space,zacks.com,"('Analyst Blog', 'Consumer Cyclical', 'ETF', 'Stock', 'Technology')",2026-05-18,"('amzn', 'csco', 'googl', 'meta', 'meta', 'metv', 'msft')",1
95715991,2026-05-18,Santa Clara County Lawsuit Puts Meta’s AI Ad Model Under Spotlight,simplywall.st,"('Stock', 'Technology')",2026-05-18,"('meta',)",1
95715622,2026-05-18,"Trump's Iran threat, Berkshire's airline bet, Lululemon's proxy battle and more in Morning Squawk",cnbc.com,"('Business', 'Computing', 'Consumer Cyclical', 'Consumer Defensive', 'ETF', 'Economy', 'Energy', 'Financial Services', 'Healthcare', 'Industrials', 'Internet', 'Investment Strategy', 'Iran', 'Markets', 'Stock', 'Technology', 'Tiingo Top', 'Wireless')",2026-05-18,"('amzn', 'cvx', 'dal', 'elf', 'googl', 'jpm', 'low', 'lulu', 'meta', 'meta', 'metv', 'nvda', 'tgt', 'tjx', 'tsla', 'unh', 'wday', 'wmt')",1
95715349,2026-05-18,Instagram Instants Sends Photos to All Mutual Followers by Default — Here's How to Lock It Down,techtimes.com,"('ETF', 'Instagram', 'Instagram Instants', 'Life & Style', 'Meta', 'Stock', 'Technology')",2026-05-18,"('meta', 'meta', 'metv')",1
95715034,2026-05-18,Meta layoffs starting this week stress harsh AI reality inside Zuckerberg’s company,cnbc.com,"('Breaking News: Technology', 'Business', 'Consumer Cyclical', 'ETF', 'Entertainment', 'Internet', 'Jobs', 'Layoffs', 'Media', 'Personnel', 'Publishing', 'Social Media', 'Stock', 'Technology', 'Television')",2026-05-18,"('amzn', 'csco', 'googl', 'meta', 'meta', 'metv', 'msft', 'nflx')",1
95715136,2026-05-18,"This Week In Main Street Technology: Meta’s New AI Glasses, Google Introduces The Googlebook And Claude Has A Small Business Offering",forbes.com,"('Ai', 'Claude', 'Claude Cowork', 'ETF', 'Financial Services', 'Google', 'Googlebook', 'Meta', 'Ray-Ban', 'Stock', 'Technology', 'Unknown Sector')",2026-05-18,"('aaic', 'ai', 'goog', 'googl', 'meta', 'meta', 'metv')",1
95715057,2026-05-18,2 Big AI Spenders Poised to Actually Get the Payoff — Perhaps Sooner Rather Than Later,finance.yahoo.com,"('Capex', 'Investors', 'Meta Platforms', 'Microsoft', 'Microsoft Azure', 'Mutual Fund', 'Spending', 'Stock', 'Technology', 'Unknown Sector')",2026-05-18,"('capex', 'meta', 'msft', 'nvda', 'pshzf')",1
95715085,2026-05-18,"Prediction: Meta Stock Will Reach $1,000 Per Share By the End of 2026",finance.yahoo.com,"('Communication Services', 'Consumer Cyclical', 'Meta Platforms', 'Meta Stock', 'Stock', 'Stock Price', 'Technology')",2026-05-18,"('intc', 'iqnt', 'meta', 'msft', 'nflx', 'nvda')",1
95714684,2026-05-18,"Prediction: Meta Stock Will Reach $1,000 Per Share By the End of 2026",fool.com,"('5057Ca74-5Dab-478E-9A36-3A0Ee4Ba2B9D', 'ETF', 'Investing', 'Meta', 'Stock', 'Technology', 'Technology And Telecom')",2026-05-18,"('meta', 'meta', 'metv')",1
95714054,2026-05-18,"SpaceX To Go Public June 12, As Speculation Rises",finance.yahoo.com,"('Amazon', 'Consumer Cyclical', 'Facebook Ipo', 'Spacex', 'Spacex Ipo Trigger', 'Stock', 'Technology')",2026-05-18,"('amzn', 'meta', 'nvda', 'tsla')",1
95711657,2026-05-18,"DraftKings, Meta, AI Firms Have a New Election Playbook: Flood State-Level Races With Cash",bloomberg.com,"('Stock', 'Technology', 'Tiingo Top')",2026-05-18,"('googl', 'meta')",1
95710517,2026-05-18,Prediction: Nvidia's Stock Will Soar After May 20,finance.yahoo.com,"('Communication Services', 'Consumer Cyclical', 'Nvidia', 'Stock', 'Technology')",2026-05-18,"('intc', 'iqnt', 'meta', 'nflx', 'nvda')",1
95709726,2026-05-18,The AI data center boom,coingeek.com,"('Ai', 'Amazon', 'Artificial Intelligence', 'Bain & Company', 'Communication Services', 'Computing', 'Conrail', 'Consumer Cyclical', 'CryptoCurrency', 'Data Center', 'Deloitte', 'ETF', 'Editorial', 'Elon Musk', 'Financial Services', 'Global Crossing', 'Google', 'Gpu', 'Hutchison Whampoa', 'Industrials', 'Meta', 'Microsoft', 'Penn Central Transportation', 'Singapore Technologies Telemedia', 'Spacex', 'Starlink', 'Stock', 'Technology', 'Tim Cook', 'United States', 'Unknown Sector', 'Verizon', 'Verizon Business', 'Worldcom', 'Xai')",2026-05-18,"('aaic', 'aapl', 'ai', 'amzn', 'goog', 'googl', 'gpu', 'meta', 'meta', 'metv', 'msft', 'nsc', 'nvda', 'vz', 'vza')",1
95709944,2026-05-18,3 Dividend Stocks to Buy Right Now and Never Sell,fool.com,"('Aapl', 'Amzn', 'Consumer Cyclical', 'Consumer Defensive', 'Consumer Goods', 'ETF', 'Fcead581-Aafc-45F3-844C-8Ba8369Da31F', 'Investing', 'Ko', 'Mcd', 'Meta', 'Msft', 'Stock', 'Technology', 'Tsla', 'Wmt')",2026-05-18,"('aapl', 'amzn', 'ko', 'mcd', 'meta', 'meta', 'metv', 'msft', 'tsla', 'wmt')",1
95708712,2026-05-18,High energy prices could derail Europe’s AI race with U.S. and China,cnbc.com,"('Breaking News: Technology', 'Business', 'China', 'Computing', 'ETF', 'Energy', 'Environment', 'Internet', 'Real Estate', 'Stock', 'Technology', 'Wireless')",2026-05-18,"('cbre', 'igm', 'meta', 'meta', 'metv', 'msft', 'nvda', 'xlk')",1
95708612,2026-05-18,"Florida Lottery Fantasy 5, Cash Pop results for May 17, 2026",aol.com,"('ETF', 'Fb', 'Florida Lottery', 'Stock', 'Technology', 'Unknown Sector', 'Winning Fantasy 5 Numbers', 'Winning Pick 3 Numbers', 'Winning Pick 4 Numbers')",2026-05-18,"('fb', 'meta')",1
95707882,2026-05-18,"Florida Lottery Fantasy 5, Cash Pop results for May 17, 2026",aol.com,"('ETF', 'Fb', 'Florida Lottery', 'Stock', 'Technology', 'Unknown Sector', 'Winning Fantasy 5 Numbers', 'Winning Pick 3 Numbers', 'Winning Pick 4 Numbers')",2026-05-18,"('fb', 'meta')",1
95707391,2026-05-18,Meta Ray-Ban Display Gets Neural Handwriting Feature: What Does it Do?,techtimes.com,"('Apps', 'ETF', 'Meta', 'Meta Ray-Ban', 'Meta Ray-Ban Display', 'Meta Ray-Ban Display Gesture Typing', 'Meta Ray-Ban Display Handwriting Feature', 'Software', 'Stock', 'Technology')",2026-05-18,"('meta', 'meta', 'metv')",1
95706200,2026-05-18,How Much Will SpaceX Stock Be Worth by 2030? Here's What History Says.,fool.com,"('87Dcc2E1-E163-46A7-Ae40-E789231Bbe15', 'Amzn', 'Cbrs', 'Consumer Cyclical', 'Consumer Defensive', 'Consumer Discretionary', 'ETF', 'Fig', 'Financials', 'Investing', 'Meta', 'Pltr', 'Snow', 'Ssnlf', 'Stock', 'Technology', 'Technology And Telecom', 'Tsla', 'Unknown Sector', 'Wmt')",2026-05-18,"('amzn', 'cbrs', 'fig', 'fig', 'fig', 'meta', 'meta', 'metv', 'pltr', 'snow', 'snow', 'ssnlf', 'tsla', 'wmt')",1
95705734,2026-05-17,Why AI is the mother of all power laws,raskmedia.com.au,"('Consumer Cyclical', 'Financial Services', 'Stock', 'Technology', 'Unknown Sector')",2026-05-17,"('abnb', 'anz', 'goog', 'googl', 'meta', 'msft', 'nflx', 'pypl', 'pyplv', 'xro')",7
95704260,2026-05-17,"What Is the Cheapest ""Magnificent Seven"" Stock?",finance.yahoo.com,"('Communication Services', 'Consumer Cyclical', 'Magnificent Seven', 'Meta Platforms', 'Microsoft', 'Nvidia', 'Stock', 'Technology', 'Valuing A Company')",2026-05-17,"('intc', 'iqnt', 'meta', 'msft', 'nflx', 'nvda')",7
95704163,2026-05-17,"What Is the Cheapest ""Magnificent Seven"" Stock?",fool.com,"('7D76F2Bd-03Fc-443A-B828-82678A5B915B', 'ETF', 'Investing', 'Meta', 'Msft', 'Stock', 'Technology', 'Technology And Telecom')",2026-05-17,"('meta', 'meta', 'metv', 'msft')",7
95703651,2026-05-17,Snapchat: Don't Rush to Buy This Social Media Stock,fool.com,"('8Dfab447-0D53-4725-8790-450B96F8Fd19', 'ETF', 'Investing', 'Meta', 'Pins', 'Snap', 'Stock', 'Technology', 'Technology And Telecom', 'Unknown Sector')",2026-05-17,"('meta', 'meta', 'metv', 'pins', 'snap')",7
95701693,2026-05-17,Nvidia’s Hidden Portfolio Just Doubled Down on CoreWeave Stock,finance.yahoo.com,"('Cloud Providers', 'Coreweave', 'Data Centers', 'Infrastructure', 'Nvidia', 'Perplexity Ai', 'Stock', 'Technology', 'Unknown Sector')",2026-05-17,"('crwv', 'meta', 'nok', 'nvda', 'snps')",7
95700966,2026-05-17,SpaceX Accelerates Its IPO Timeline: 10 Things You Need to Know,fool.com,"('3D775F1A-4C88-498A-9584-88Eed6Da0269', 'Cbrs', 'Consumer Cyclical', 'ETF', 'Financial Services', 'Industrials', 'Investing', 'Meta', 'Ndaq', 'Stock', 'Technology', 'Tsla', 'Unknown Sector', 'V', '^Ixic')",2026-05-17,"('cbrs', 'meta', 'meta', 'metv', 'ndaq', 'tsla')",7
95700794,2026-05-17,Apple’s New ChatGPT-Like Siri App Will Have Auto-Deleting Chats,bloomberg.com,"('Stock', 'Technology', 'Tiingo Top')",2026-05-17,"('aapl', 'googl', 'meta')",7
95700436,2026-05-17,Volatile Chipmaker Stocks Emerge as Key Driver of S&P 500 Rally,bloomberg.com,"('Consumer Cyclical', 'Stock', 'Technology', 'Tiingo Top')",2026-05-17,"('aapl', 'amzn', 'googl', 'meta', 'msft')",7
95699437,2026-05-17,AI Stock Valuations Just Hit a Dangerous Level. A Top CIO Warns: Companies Can’t Grow 100% Annually for 10 Years Straight.,finance.yahoo.com,"('Companies', 'Jack Hough', 'Nvidia', 'Stock', 'Technology', 'Top 10 Stocks')",2026-05-17,"('csco', 'jnpr', 'meta', 'mu', 'nvda', 'sndk')",7
95699009,2026-05-17,What Marketers Can Learn From A small AI Startup That Said No To Elon,forbes.com,"('Adobe', 'Ai', 'Andreas Blattmann', 'Black Forest Labs', 'Canva', 'ETF', 'Elon Musk', 'Facebook', 'Financial Services', 'Meta', 'Microsoft', 'Startup', 'Stock', 'Technology', 'Unknown Sector')",2026-05-17,"('aaic', 'ai', 'meta', 'meta', 'metv')",7
95700002,2026-05-17,"Praxis Investment Management Inc. Boosts Holdings in Meta Platforms, Inc. $META",thelincolnianonline.com,"('13F', '30303M10', 'Computer And Technology', 'ETF', 'Financial Services', 'Hedge Fund Holdings', 'Institutional Investor Holdings', 'Meta', 'Meta Platforms', 'Nasdaq:Meta', 'Sec Filings', 'Stock', 'Technology')",2026-05-17,"('goog', 'googl', 'meta', 'meta', 'metv', 'msft', 'tfc')",7
95697379,2026-05-17,Elon Musk gets called out for misogyny over ‘Instagram is for girls’ remark — ‘...nothing without women’,livemint.com,"('Controversy', 'CryptoCurrency', 'ETF', 'Elon Musk', 'Instagram', 'Mark Zuckerberg', 'Meta', 'Misogynistic Remarks', 'Online Reactions', 'Social Media Culture', 'Social Media Debate', 'Stock', 'Technology', 'Viral Thread', 'Whatsapp', 'X')",2026-05-17,"('meta', 'meta', 'metv')",7
95695831,2026-05-17,"Virginia Lottery Powerball, Pick 3 Night results for May 16, 2026",aol.com,"('ETF', 'Fb', 'Powerball', 'Powerball Drawings', 'Stock', 'Technology', 'Unknown Sector', 'Virginia Lottery')",2026-05-17,"('fb', 'meta')",7
95695941,2026-05-17,"Virginia Lottery Powerball, Pick 3 Night results for May 16, 2026",aol.com,"('ETF', 'Fb', 'Powerball', 'Powerball Drawings', 'Stock', 'Technology', 'Unknown Sector', 'Virginia Lottery')",2026-05-17,"('fb', 'meta')",7
95696367,2026-05-17,"Florida Lottery Powerball, Lotto, Fantasy 5 results for May 16, 2026",aol.com,"('ETF', 'Fb', 'Florida', 'Florida Lottery', 'Powerball', 'Stock', 'Technology', 'Unknown Sector', 'Winning Pick 3 Numbers', 'Winning Pick 4 Numbers', 'Winning Powerball')",2026-05-17,"('fb', 'meta')",7
95695782,2026-05-17,"Florida Lottery Powerball, Fantasy 5 results for May 16, 2026",aol.com,"('ETF', 'Fb', 'Florida Lottery', 'Powerball', 'Stock', 'Technology', 'Unknown Sector', 'Winning Fantasy 5 Numbers', 'Winning Pick 3 Numbers', 'Winning Pick 4 Numbers')",2026-05-17,"('fb', 'meta')",7
95694430,2026-05-17,Analyst Predicts Nvidia Stock Should Be 42% Higher,fool.com,"('61B5Bfc6-3C57-4Cdd-B918-460741B83420', 'Amd', 'Amzn', 'Consumer Cyclical', 'ETF', 'Glw', 'Goog', 'Googl', 'Investing', 'Iren', 'Meta', 'Msft', 'Nvda', 'Stock', 'Technology', 'Technology And Telecom', 'Unknown Sector')",2026-05-17,"('amzn', 'glw', 'goog', 'googl', 'iren', 'meta', 'meta', 'metv', 'msft', 'nvda')",7
95693897,2026-05-16,2 AI Stocks to Avoid (Including BigBear.ai) and 1 to Buy Now,fool.com,"('Ai', 'Avgo', 'Bbai', 'Bkr', 'Ddfadd19-849B-4Fde-89Dc-70B39507089B', 'ETF', 'Energy', 'Financial Services', 'Goog', 'Googl', 'Investing', 'Meta', 'Nvda', 'Stock', 'Technology', 'Technology And Telecom', 'Unknown Sector')",2026-05-16,"('aaic', 'ai', 'avgo', 'bbai', 'bbai', 'bkr', 'bkr', 'brcm', 'goog', 'googl', 'meta', 'meta', 'metv', 'nvda')",6
95693411,2026-05-16,A Look At Meta Platforms (META) Valuation As AI Capex Surges And Share Buybacks Are Paused,simplywall.st,"('Stock', 'Technology')",2026-05-16,"('meta',)",6
95691154,2026-05-16,The SpaceX IPO Is Coming June 12. Here’s Why You Shouldn’t Rush In to Buy,finance.yahoo.com,"('Aerospace Stocks', 'Consumer Cyclical', 'Institutional Investors', 'Publicly Traded Companies', 'Retail Investors', 'Stock', 'Technology', 'Unknown Sector')",2026-05-16,"('baba', 'coin', 'f', 'goog', 'googl', 'meta', 'nvda', 'rivn', 'uber')",6
95690827,2026-05-16,The Staggering Number Jensen Huang Just Revealed Changes Everything About AI,finance.yahoo.com,"('Agentic Ai', 'Amazon', 'Consumer Cyclical', 'Data Centers', 'Dominion Energy', 'Generative Ai', 'Jensen Huang', 'Nvidia', 'Power Consumption', 'Stock', 'Technology', 'Top 10 Ai Stocks', 'Unknown Sector', 'Utilities')",2026-05-16,"('amzn', 'd', 'goog', 'googl', 'meta', 'msft', 'now', 'nvda', 'tln', 'tln')",6
95690491,2026-05-16,NuScale Power Down From All-Time Highs -- What Investors Should Expect Next,finance.yahoo.com,"('Communication Services', 'Consumer Cyclical', 'Nuclear Power', 'Nuclear Power Plant', 'Nuscale Power', 'Stock', 'Technology', 'Unknown Sector')",2026-05-16,"('goog', 'googl', 'intc', 'iqnt', 'meta', 'nflx', 'nvda', 'smr', 'tvc', 'tve')",6
95687290,2026-05-16,"Cerebras' blockbuster IPO boosts hype for SpaceX and OpenAI, but crowds out smaller players",cnbc.com,"('Breaking News: Technology', 'Business', 'Computing', 'Consumer Cyclical', 'ETF', 'Financials', 'Internet', 'Ipo', 'Software', 'Stock', 'Technology', 'Unknown Sector', 'Venture Capital', 'Wireless')",2026-05-16,"('amzn', 'baba', 'cbrs', 'crcl', 'crcl', 'crwv', 'csco', 'fig', 'fig', 'fig', 'intc', 'meta', 'meta', 'metv', 'mu', 'nvda', 'soxx', 'uber')",6
95687907,2026-05-16,"Harel Insurance Investments & Financial Services Ltd. Acquires 11,548 Shares of Meta Platforms, Inc. $META",thelincolnianonline.com,"('13F', '30303M10', 'Computer And Technology', 'ETF', 'Financial Services', 'Hedge Fund Holdings', 'Institutional Investor Holdings', 'Meta', 'Meta Platforms', 'Nasdaq:Meta', 'Sec Filings', 'Stock', 'Technology')",2026-05-16,"('goog', 'googl', 'jef', 'meta', 'meta', 'metv', 'msft')",6
95682783,2026-05-16,"Florida Lottery Mega Millions, Fantasy 5 results for May 15, 2026",aol.com,"('ETF', 'Fb', 'Florida Lottery', 'Mega Millions', 'Stock', 'Technology', 'Unknown Sector', 'Winning Fantasy 5 Numbers', 'Winning Pick 3 Numbers', 'Winning Pick 4 Numbers')",2026-05-16,"('fb', 'meta')",6
95682792,2026-05-16,"Florida Lottery Mega Millions, Fantasy 5 results for May 15, 2026",aol.com,"('ETF', 'Fb', 'Florida Lottery', 'Mega Millions', 'Stock', 'Technology', 'Unknown Sector', 'Winning Fantasy 5 Numbers', 'Winning Pick 3 Numbers', 'Winning Pick 4 Numbers')",2026-05-16,"('fb', 'meta')",6
95681851,2026-05-16,WhatsApp Rolls Out Liquid Glass Adoption on iOS to More Users—What to Expect?,techtimes.com,"('Apple', 'ETF', 'Ios 26 Liquid Glass', 'Meta', 'Stock', 'Tech', 'Technology', 'Whatsapp', 'Whatsapp Liquid Glass Adoption', 'Whatsapp Liquid Glass Design', 'Whatsapp Liquid Glass Ios')",2026-05-16,"('meta', 'meta', 'metv')",6
95678478,2026-05-15,"Snap, YouTube Settle School-Social Media Suit Ahead of Trial",bloomberg.com,"('Stock', 'Technology', 'Tiingo Top')",2026-05-15,"('googl', 'meta', 'snap')",5
95678344,2026-05-15,Mark Zuckerberg sends stunning message to Meta employees,finance.yahoo.com,"('ETF', 'Employees', 'Meta', 'Meta Superintelligence Labs', 'Stock', 'Technology', 'Zuckerberg')",2026-05-15,"('meta', 'meta', 'metv')",5
95675507,2026-05-15,Sundheim's D1 Capital bought several tech stocks last quarter — with one big exception,cnbc.com,"('Consumer Cyclical', 'ETF', 'Investment Strategy', 'Stock', 'Stock Markets', 'Technology', 'Tiingo Top', 'Unknown Sector')",2026-05-15,"('afrm', 'amzn', 'anet', 'asml', 'avgo', 'cart', 'googl', 'meta', 'meta', 'metv', 'nvda', 'snps', 'spot', 'tsm')",5
95680382,2026-05-15,Chase Coleman's Significant Reduction in Microsoft Corp: A 4.85% Portfolio Impact,finance.yahoo.com,"('Chase Coleman', 'Consumer Cyclical', 'Financials', 'Portfolio', 'Stock', 'Taiwan Semiconductor Manufacturing Co Ltd', 'Technology', 'Total Value', 'Trades', 'Unknown Sector')",2026-05-16,"('amat', 'amzn', 'efsi', 'eqpt', 'goog', 'googl', 'lite', 'litev', 'meli', 'meta', 'msft', 'nvda', 'tsm', 'ttwo')",5
95673464,2026-05-15,Should Meta’s Surging 2026 AI Capex and Buyback Pause Require Action From Meta Platforms (META) Investors?,simplywall.st,"('Stock', 'Technology')",2026-05-15,"('meta', 'mu', 'nvda')",5
95680467,2026-05-15,How Trump’s ‘unusual’ brokerage account traded around his own market-moving decisions—selling hyperscalers and buying energy stocks during the war,fortune.com,"('Amazon', 'Bonds', 'Donald Trump', 'ETF', 'Investment', 'Iran', 'Meta', 'Microsoft', 'Oil', 'Stock', 'Tech Stocks', 'Technology', 'Unknown Sector', 'War')",2026-05-16,"('meta', 'meta', 'metv', 'oil', 'oil')",5
95670397,2026-05-15,"Trump touted Palantir on Truth Social after buying the company's stock, records show",cnbc.com,"('Breaking News: Technology', 'Business', 'Computing', 'Consumer Cyclical', 'Defense', 'ETF', 'Industrials', 'Internet', 'Software', 'Stock', 'Technology', 'Unknown Sector', 'Wireless')",2026-05-15,"('aapl', 'amzn', 'avgo', 'lmt', 'meta', 'meta', 'metv', 'msft', 'noc', 'nvda', 'orcl', 'pltr', 'snps', 'wday')",5
95670078,2026-05-15,What you need to know about Nvidia competitor Cerebras after wild IPO,cnbc.com,"('Business', 'Computing', 'Consumer Cyclical', 'ETF', 'Enterprise', 'Internet', 'Ipo', 'Stock', 'Technology', 'Unknown Sector', 'Wireless')",2026-05-15,"('amzn', 'baba', 'botz', 'cbrs', 'googl', 'intc', 'meta', 'meta', 'metv', 'msft', 'nvda', 'orcl', 'soxx', 'tsm', 'xsd')",5
95670261,2026-05-15,Trump's latest filing reveals surprise crypto stock purchases,finance.yahoo.com,"('Consumer Cyclical', 'CryptoCurrency', 'Donald Trump', 'Financial Services', 'Industrials', 'Stock', 'Technology', 'Unknown Sector')",2026-05-15,"('aapl', 'amzn', 'bac', 'coin', 'gs', 'gsbd', 'gsf', 'gsj', 'hood', 'mara', 'meta', 'mhm', 'mpe', 'msft', 'mstr', 'nvda', 'orcl', 'sofi', 'xyz')",5
95669222,2026-05-15,Arm Holdings CEO Rene Haas Has a Big Warning for Intel and AMD,fool.com,"('0F3369E6-4Cc8-44D3-8493-0F59E9D356Ee', 'Aapl', 'Amd', 'Amzn', 'Arm', 'Cbrs', 'Communication Services', 'Consumer Cyclical', 'ETF', 'Intc', 'Investing', 'Meta', 'Msft', 'Net', 'Nvda', 'Stock', 'Technology', 'Technology And Telecom', 'Tiingo Top', 'Unknown Sector')",2026-05-15,"('aapl', 'amzn', 'arm', 'cbrs', 'intc', 'iqnt', 'meta', 'meta', 'metv', 'msft', 'net', 'nvda')",5
95668314,2026-05-15,Money Pit? Zuckerberg Just Exposed Why Hyperscaler AI Spending Keeps Going Up,finance.yahoo.com,"('Component Costs', 'Data Centers', 'ETF', 'Getty Images', 'Mark Zuckerberg', 'Meta', 'Spending', 'Stock', 'Technology')",2026-05-15,"('amd', 'meta', 'meta', 'metv', 'mu', 'nvda')",5
95668318,2026-05-15,2 Internet Stocks to Research Further and 1 We Ignore,finance.yahoo.com,"('Consumer Cyclical', 'Consumer Internet', 'ETF', 'Ebay', 'Ebitda Margin', 'Internet Stocks', 'Market Cap', 'Meta', 'Online Auction Site', 'Share Repurchases', 'Stock', 'Technology', 'Unknown Sector')",2026-05-15,"('ebay', 'lz', 'meta', 'meta', 'metv')",5
95666677,2026-05-15,"Trump went big on tech stocks in first quarter of 2026, new filings show",cnbc.com,"('Breaking News: Politics', 'Breaking News: Technology', 'Business', 'Computing', 'Consumer Cyclical', 'ETF', 'Elections', 'Foreign Policy', 'Internet', 'Politics', 'Stock', 'Stock Markets', 'Technology', 'Tiingo Top', 'Unknown Sector', 'Wireless')",2026-05-15,"('adbe', 'amzn', 'avgo', 'brcm', 'dell', 'dell', 'iwm', 'meta', 'meta', 'metv', 'msft', 'msi', 'nvda', 'orcl', 'pltr', 'qqq', 'soxx', 'txn', 'xlk')",5
95666441,2026-05-15,Tech CEOs summoned to Congress for another hearing on social medias risks for children,livemint.com,"('CryptoCurrency', 'ETF', 'Meta', 'Protect Young Users', 'Senate Judiciary Committee', 'Social Media Ceos', 'Stock', 'Technology', 'Tiktok')",2026-05-15,"('meta', 'meta', 'metv')",5
95662558,2026-05-15,Nvidia Just Surpassed Silver as the World's 2nd-Largest Asset. Could $6 Trillion Be Next?,fool.com,"('Amzn', 'Consumer Cyclical', 'ETF', 'Fb6422A2-0219-42D9-B5C4-2C4C35Bf513A', 'Goog', 'Googl', 'Investing', 'Meta', 'Msft', 'Nvda', 'Stock', 'Technology', 'Technology And Telecom')",2026-05-15,"('amzn', 'goog', 'googl', 'meta', 'meta', 'metv', 'msft', 'nvda')",5
95659552,2026-05-15,"Pershing Square Takes Microsoft Stake, Ackman Calls Valuation Compelling",finance.yahoo.com,"('Bill Ackman', 'Consumer Cyclical', 'Microsoft', 'Pershing Square', 'Stock', 'Technology')",2026-05-15,"('amzn', 'goog', 'meta', 'msft')",5
95659185,2026-05-15,British Politicians Should Take Italian Lessons,bloomberg.com,"('Stock', 'Technology', 'Tiingo Top')",2026-05-15,"('googl', 'meta', 'msft')",5
95662469,2026-05-15,"Nebius Stock Up Post Q1 Earnings: Should You Buy, Hold or Sell?",zacks.com,"('Analyst Blog', 'ETF', 'Stock', 'Technology', 'Unknown Sector')",2026-05-15,"('crwv', 'meta', 'meta', 'metv', 'nbis', 'nvda')",5
95658461,2026-05-15,"If an AI Bubble Forms and Pops, the Mag 7 Won’t All React the Same Way",finance.yahoo.com,"('Ai Revolution', 'Bubble', 'Consumer Cyclical', 'ETF', 'Meta', 'Meta Stock', 'Relative Value', 'Semiconductor Stocks', 'Stock', 'Technology', 'Vaneck Semiconductor Etf')",2026-05-15,"('meta', 'meta', 'metv', 'nvda', 'smh', 'tsla')",5
95658291,2026-05-15,Bill Ackman Just Bought Microsoft Stock — Here’s Why It Could Be His Biggest Bet Yet,finance.yahoo.com,"('Amazon', 'Consumer Cyclical', 'Financial Services', 'Forward Earnings', 'Foundation', 'Karen Ackman', 'Microsoft', 'Pershing Square', 'Quarterly Revenue', 'Stock', 'Technology', 'Technology Companies', 'Unknown Sector')",2026-05-15,"('amzn', 'bn', 'goog', 'googl', 'meta', 'msft', 'nvda', 'qsr', 'uber')",5
95657732,2026-05-15,"Billionaire Investor Bill Ackman Just Added a Fourth ""Magnificent Seven"" Stock to His Hedge Fund's Portfolio. Should Investors Follow Suit?",fool.com,"('Amzn', 'C41B94A0-70E5-40D2-893B-7C12B1E5Fe70', 'Consumer Cyclical', 'ETF', 'Goog', 'Googl', 'Investing', 'Meta', 'Msft', 'Pshzf', 'Psus', 'Stock', 'Technology', 'Technology And Telecom', 'Unknown Sector')",2026-05-15,"('amzn', 'goog', 'googl', 'meta', 'meta', 'metv', 'msft', 'pshzf', 'psus')",5
95656606,2026-05-15,Meta vs. Snap: What Do Their Quarterly Revenue Trends Tell Investors?,finance.yahoo.com,"('Consumer Cyclical', 'Meta Platforms', 'Quarterly Revenue', 'Snap', 'Stock', 'Technology', 'Virtual Reality Hardware')",2026-05-15,"('brcm', 'meta', 'nflx', 'nvda', 'snap')",5
95655755,2026-05-15,Meta vs. Snap: What Do Their Quarterly Revenue Trends Tell Investors?,fool.com,"('5D8767F6-Fefb-4C34-95A0-76D6Db0Bd2Ab', 'Coveragecharts', 'ETF', 'Meta', 'Snap', 'Stock', 'Technology')",2026-05-15,"('meta', 'meta', 'metv', 'snap')",5
95657606,2026-05-15,"Meta Platforms, Inc. (META) is Attracting Investor Attention: Here is What You Should Know",zacks.com,"('ETF', 'Stock', 'Tale Of The Tape', 'Technology')",2026-05-15,"('meta', 'meta', 'metv')",5
95653063,2026-05-15,Daily: Nvidia’s Stock Rally Fuels The S&P 500 To New Heights,forbes.com,"('Adani', 'Ai', 'Anthropic', 'Crypto', 'ETF', 'Financial Services', 'Forbes Daily', 'Letter', 'Meta', 'Openai', 'Spacex', 'Stock', 'Technology', 'Unknown Sector', 'Venture Capital')",2026-05-15,"('aaic', 'ai', 'meta', 'meta', 'metv')",5
95653169,2026-05-15,"Nvidia Nears 52-Week High: Is It a Buy, Sell or Hold?",finance.yahoo.com,"('Blackwell', 'China Data Center', 'Commitments', 'Data Center', 'ETF', 'Free Cash Flow', 'Networking Business', 'Nvidia', 'Stock', 'Technology', 'Top 10 Ai Stocks', 'Unknown Sector', 'Vera Rubin')",2026-05-15,"('googl', 'meta', 'msft', 'nvda', 'tall')",5
95652022,2026-05-15,Bill Ackman Bought Google After the ChatGPT Panic (Up 300%). He Bought Amazon After Liberation Day (Up 36%). Now He’s Backing Up The Truck Again.,finance.yahoo.com,"('Amazon', 'Consumer Cyclical', 'Google Search', 'Karen Ackman', 'Microsoft', 'Pershing Square', 'Pershing Square Foundation', 'President Trump', 'Stock', 'Technology')",2026-05-15,"('amzn', 'goog', 'googl', 'meta', 'msft', 'nvda')",5
95651966,2026-05-15,"The Professor Who Tracks Every US IPO Just Issued a Warning on SpaceX: “Most of the Time, Things Don’t Go According to Plan.”",finance.yahoo.com,"('Alibaba Group', 'Consumer Cyclical', 'Financial Services', 'Jay Ritter', 'Meta Platforms', 'Stock', 'Technology', 'Visa')",2026-05-15,"('baba', 'meta', 'nvda', 'v')",5
95651489,2026-05-15,"Trump Says He Discussed AI Guardrails, Nvidia’s Chips With Xi",bloomberg.com,"('Stock', 'Technology', 'Tiingo Top')",2026-05-15,"('googl', 'meta', 'nvda')",5
95660290,2026-05-15,"Bill Ackman has been quietly buying Microsoft since February, when AI fears were dragging the stock",fortune.com,"('Anthropic', 'Bill Ackman', 'ETF', 'Google', 'Meta', 'Microsoft', 'Openai', 'Stock', 'Technology')",2026-05-15,"('meta', 'meta', 'metv', 'msft')",5
95651091,2026-05-15,"The Tech Download: Trump's China visit left chip export issue unresolved, with rare earths deal still uncertain",cnbc.com,"('Breaking News: Technology', 'Business', 'China', 'Computing', 'Consumer Cyclical', 'ETF', 'Foreign Policy', 'Internet', 'Stock', 'Technology', 'Tiingo Top', 'U.S. Economy', 'Wireless')",2026-05-15,"('aapl', 'cohr', 'cohr', 'googl', 'meta', 'meta', 'metv', 'mu', 'nvda', 'qcom', 'tsla')",5
95653769,2026-05-15,"QRG Capital Management Inc. Has $201.27 Million Stock Holdings in Meta Platforms, Inc. $META",thelincolnianonline.com,"('13F', '30303M10', 'Computer And Technology', 'ETF', 'Financial Services', 'Hedge Fund Holdings', 'Institutional Investor Holdings', 'Meta', 'Meta Platforms', 'Nasdaq:Meta', 'Sec Filings', 'Stock', 'Technology', 'Unknown Sector')",2026-05-15,"('meta', 'meta', 'metv', 'wfc', 'wfc-ws')",5
95649524,2026-05-15,Here’s how much Nvidia stock Trump owns,finbold.com,"('Consumer Cyclical', 'CryptoCurrency', 'Nvda', 'Nvidia', 'Stock', 'Stocks', 'Technology', 'Trump')",2026-05-15,"('adbe', 'amzn', 'avgo', 'brcm', 'meta', 'msft', 'now', 'nvda', 'orcl')",5
95649497,2026-05-15,Alphabet and Meta Delivered Worrisome News for Investors -- and It Has Trillion-Dollar Implications,finance.yahoo.com,"('Ai Revolution', 'Alphabet', 'Artificial Intelligence', 'Capital Expenditures', 'Communication Services', 'Consumer Cyclical', 'Corporate America', 'Generative Ai', 'Mark Zuckerberg', 'Meta Platforms', 'Retail Investors', 'Share Buybacks', 'Stock', 'Technology')",2026-05-15,"('goog', 'googl', 'intc', 'iqnt', 'meta', 'nflx', 'nvda')",5
95648553,2026-05-15,Jim Cramer Says Buy 2 Artificial Intelligence (AI) Stocks Down 24% and 46% Before They Soar,finance.yahoo.com,"('Artificial Intelligence', 'Communication Services', 'Consumer Cyclical', 'Jim Cramer', 'Median Target', 'Median Target Price', 'Meta Platforms', 'Shopify', 'Stock', 'Technology')",2026-05-15,"('goog', 'googl', 'intc', 'iqnt', 'it', 'meta', 'msft', 'nflx', 'nvda', 'shop')",5
95648697,2026-05-15,Alphabet and Meta Delivered Worrisome News for Investors -- and It Has Trillion-Dollar Implications,fool.com,"('B703850F-1864-4F6B-881D-Ca75E288Aa9F', 'ETF', 'Goog', 'Googl', 'Investing', 'Meta', 'Stock', 'Technology', 'Technology And Telecom', '^Gspc')",2026-05-15,"('goog', 'googl', 'meta', 'meta', 'metv')",5
95648523,2026-05-15,Better Super Semiconductor Stock: Advanced Micro Devices (AMD) or Broadcom?,fool.com,"('Amd', 'Avgo', 'ETF', 'F4Bdd410-408A-4A20-8Fc8-31Bf7B4Bf654', 'Goog', 'Googl', 'Investing', 'Meta', 'Msft', 'Nvda', 'Orcl', 'Stock', 'Technology', 'Technology And Telecom', 'Tiingo Top')",2026-05-15,"('avgo', 'brcm', 'goog', 'googl', 'meta', 'meta', 'metv', 'msft', 'nvda', 'orcl')",5
95648053,2026-05-15,Meta Launches Incognito AI Chat Days After Removing Instagram Encryption,techtimes.com,"('Apps', 'ETF', 'Electronic Frontier Foundation', 'Instagram', 'Llms', 'Meta', 'Software', 'Stock', 'Technology', 'Whatsapp')",2026-05-15,"('goog', 'googl', 'meta', 'meta', 'metv')",5
95648336,2026-05-15,Jim Cramer Says Buy 2 Artificial Intelligence (AI) Stocks Down 24% and 46% Before They Soar,fool.com,"('A2Ea62Bb-A311-40Ed-92A5-89C873314845', 'ETF', 'Investing', 'Meta', 'Shop', 'Stock', 'Technology', 'Technology And Telecom')",2026-05-15,"('meta', 'meta', 'metv', 'shop')",5
95646711,2026-05-15,"Daily Open: Trump’s China trip ends, but uncertainty remains",cnbc.com,"('China', 'Consumer Cyclical', 'ETF', 'Financial Services', 'Foreign Policy', 'Industrials', 'Markets', 'Stock', 'Technology', 'Tiingo Top', 'World Markets')",2026-05-15,"('aapl', 'ba', 'baba', 'blk', 'meta', 'meta', 'metv', 'tsla')",5
95651308,2026-05-15,OpenAI may take legal action against Apple over Siri’s ChatGPT integration,fortune.com,"('Anthropic', 'Apple', 'Brainstorm Tech', 'Data Centers', 'ETF', 'Elon Musk', 'Ford Motor', 'Fortune Brainstorm', 'Fortune Tech', 'Gallup', 'Ipos', 'Lenovo', 'Marc Lore', 'Meta', 'Microsoft', 'Microsoft Xbox', 'No Copyright', 'North Korea', 'Openai', 'Sam Altman', 'Spacex', 'Stock', 'Technology', 'Trevor Noah')",2026-05-15,"('meta', 'meta', 'metv', 'msi')",5
95645796,2026-05-15,"The ""Magnificent Seven"" Has Gained $4.8 Trillion Since the Start of April. Here's Why That's a Risk to the S&P 500 and Nasdaq-100.",finance.yahoo.com,"('Communication Services', 'Consumer Cyclical', 'ETF', 'Magnificent Seven', 'Magnificent Seven Stocks', 'Market Cap', 'Nasdaq Composite', 'Nasdaq-100', 'Nvidia', 'S&P 500', 'Stock', 'Technology', 'Unknown Sector')",2026-05-15,"('aapl', 'amzn', 'goog', 'googl', 'intc', 'iqnt', 'meta', 'msft', 'nflx', 'nvda', 'tall', 'tsla')",5
95645616,2026-05-15,"The ""Magnificent Seven"" Has Gained $4.8 Trillion Since the Start of April. Here's Why That's a Risk to the S&P 500 and Nasdaq-100.",fool.com,"('Aapl', 'Amzn', 'Consumer Cyclical', 'Consumer Defensive', 'Dpz', 'ETF', 'Ffc4D0E6-Ddad-45A0-B1B8-Bba4E4736811', 'Goog', 'Googl', 'Investing', 'Ko', 'Markets', 'Meta', 'Msft', 'Nvda', 'Rsp', 'Stock', 'Technology', 'Tsla', 'Voo', 'Vtv', '^Gspc', '^Ixic')",2026-05-15,"('aapl', 'amzn', 'dpz', 'goog', 'googl', 'ko', 'meta', 'meta', 'metv', 'msft', 'nvda', 'rsp', 'tsla', 'voo', 'vtv')",5
95644346,2026-05-15,WhatsApp Warns iPhone And Android Users: AI Chats Not ‘Truly Private’,forbes.com,"('Apple', 'ETF', 'Gemini', 'Meta', 'Rcs Encryption', 'Stock', 'Technology', 'Whatsapp', 'Whatsapp Ai')",2026-05-15,"('meta', 'meta', 'metv')",5
95644303,2026-05-15,"Virginia Lottery Pick 3 Night, Pick 3 Day results for May 14, 2026",aol.com,"('ETF', 'Fb', 'Stock', 'Technology', 'Unknown Sector', 'Virginia Lottery')",2026-05-15,"('fb', 'meta')",5
95644465,2026-05-15,"Virginia Lottery Pick 3 Night, Pick 3 Day results for May 14, 2026",aol.com,"('ETF', 'Fb', 'Stock', 'Technology', 'Unknown Sector', 'Virginia Lottery')",2026-05-15,"('fb', 'meta')",5
95645059,2026-05-15,"Florida Lottery Fantasy 5, Cash Pop results for May 14, 2026",aol.com,"('ETF', 'Fb', 'Florida Lottery', 'Stock', 'Technology', 'Unknown Sector', 'Winning Fantasy 5 Numbers', 'Winning Pick 3 Numbers', 'Winning Pick 4 Numbers')",2026-05-15,"('fb', 'meta')",5
95644280,2026-05-15,"Florida Lottery Fantasy 5, Cash Pop results for May 14, 2026",aol.com,"('ETF', 'Fb', 'Florida Lottery', 'Stock', 'Technology', 'Unknown Sector', 'Winning Fantasy 5 Numbers', 'Winning Pick 3 Numbers', 'Winning Pick 4 Numbers')",2026-05-15,"('fb', 'meta')",5
95643314,2026-05-15,"Meta's Ray-Ban Display Is Getting Third-Party Apps, Games—What to Expect?",techtimes.com,"('ETF', 'Meta', 'Meta Ray-Ban Display', 'Meta Ray-Ban Display Glasses', 'Meta Ray-Ban Display Third-Party Apps', 'Meta Ray-Ban Display Third-Party Games', 'Meta Smart Glasses', 'Stock', 'Tech', 'Technology')",2026-05-15,"('meta', 'meta', 'metv')",5
95641806,2026-05-15,Daily Open: Trump-Xi summit delivers Wall Street boost,cnbc.com,"('Asia Economy', 'Basic Materials', 'Breaking News: Economy', 'Consumer Cyclical', 'ETF', 'Economy', 'Energy', 'Financial Services', 'Foreign Policy', 'Industrials', 'Stock', 'Technology', 'Tiingo Top', 'Unknown Sector')",2026-05-15,"('aal', 'aapl', 'amzn', 'arkk', 'avgo', 'ba', 'bno', 'cf', 'cop', 'csco', 'cvx', 'dal', 'dbo', 'ewh', 'ewj', 'ews', 'ewu', 'ewy', 'fdn', 'fdx', 'googl', 'gs', 'igv', 'intu', 'ixc', 'kwt', 'kwt', 'lmt', 'mchi', 'meta', 'meta', 'metv', 'mos', 'mrvl', 'msft', 'noc', 'ntr', 'nvda', 'orcl', 'oxy', 'qqq', 'shel', 'shel', 'socl', 'soxx', 'thd', 'tsla', 'tsm', 'tte', 'tte', 'ual', 'uco', 'uga', 'vgk', 'wday', 'xar', 'xlk', 'xom')",5
95641602,2026-05-15,Cerebras Systems Stock Soars 68% in Blockbuster IPO: What Investors Should Know,fool.com,"('Amzn', 'Avgo', 'C770530B-B535-49C9-8D2B-9Cd2Fb93206E', 'Cbrs', 'Consumer Cyclical', 'ETF', 'Investing', 'Meta', 'Mu', 'Nvda', 'Stock', 'Technology', 'Technology And Telecom', 'Tsm', 'Unknown Sector')",2026-05-15,"('amzn', 'avgo', 'cbrs', 'meta', 'meta', 'metv', 'mu', 'nvda', 'tsm')",5
